source_id,raison_sociale,pays_declare_brut,pays_declare_normalise,numero_tva_brut,numero_tva_nettoye,structure_reason,human_review_reason
14,Alpine Logistics Sp. z o.o.,SE,SE,SE1861093621016,SE1861093621016,format_invalide,Numero nettoye non conforme au format attendu pour le pays
17,Granit Logistics SAS,GB,GB,GB0749640348,GB0749640348,pays_hors_perimetre_vies,Pays present dans le fichier mais hors Union europeenne
26,Verso Foods A/S,PT,PT,-,,numero_tva_absent,Numero TVA absent
35,Lusitania Transports SARL,ZZ,ZZ,ZZ23140153,ZZ23140153,pays_hors_referentiel_ue,Code pays absent du referentiel UE local
37,Lumen Distribution A/S,FI,FI,FI4715363,FI4715363,format_invalide,Numero nettoye non conforme au format attendu pour le pays
39,Global Distribution Sp. z o.o.,LU,LU,LU6918091,LU6918091,format_invalide,Numero nettoye non conforme au format attendu pour le pays
40,Prima Distribution GmbH,BE,BE,BE124376636,BE124376636,format_invalide,Numero nettoye non conforme au format attendu pour le pays
41,Orion Technologies SA,BE,BE,BE02690132662,BE02690132662,format_invalide,Numero nettoye non conforme au format attendu pour le pays
57,Batavia Materials SARL,NL,NL,NLH28387650B63,NLH28387650B63,format_invalide,Numero nettoye non conforme au format attendu pour le pays
62,Lusitania Distribution GmbH,PL,PL,PL97668891080,PL97668891080,format_invalide,Numero nettoye non conforme au format attendu pour le pays
65,Hanse Transports SAS,BE,BE,BE188076813,BE188076813,format_invalide,Numero nettoye non conforme au format attendu pour le pays
68,Vela Industries Sp. z o.o.,FI,FI,FI17O38139,FI17O38139,format_invalide,Numero nettoye non conforme au format attendu pour le pays
69,Batavia Technologies GmbH,GB,GB,GB17652291,GB17652291,pays_hors_perimetre_vies,Pays present dans le fichier mais hors Union europeenne
71,Kappa Industries SARL,PT,PT,PT8G7770771,PT8G7770771,format_invalide,Numero nettoye non conforme au format attendu pour le pays
80,Azur Technologies SA,UK,UK,UK227979060,UK227979060,pays_hors_perimetre_vies,Pays present dans le fichier mais hors Union europeenne
81,Vela Consulting SA,IT,IT,,,numero_tva_absent,Numero TVA absent
83,Global Services GmbH,BE,BE,BE183858570,BE183858570,format_invalide,Numero nettoye non conforme au format attendu pour le pays
92,Ardent Industries Lda,FR,FR,,,numero_tva_absent,Numero TVA absent
111,Delta Distribution AB,NL,NL,NL1587699M6B82,NL1587699M6B82,format_invalide,Numero nettoye non conforme au format attendu pour le pays
120,Prima Technologies AB,FR,FR,58560322811,58560322811,format_invalide,Numero nettoye non conforme au format attendu pour le pays
127,Global Industries Sp. z o.o.,PT,PT,PT87482735J,PT87482735J,format_invalide,Numero nettoye non conforme au format attendu pour le pays
130,Metallo Services SpA,FR,FR,FR568210454899,FR568210454899,format_invalide,Numero nettoye non conforme au format attendu pour le pays
134,Ardent Logistics SpA,DK,DK,DK1521898,DK1521898,format_invalide,Numero nettoye non conforme au format attendu pour le pays
135,Kappa Logistics Lda,NL,NL,396904956B68,396904956B68,format_invalide,Numero nettoye non conforme au format attendu pour le pays
136,Alpine Materials GmbH,DK,DK,DK5962G374,DK5962G374,format_invalide,Numero nettoye non conforme au format attendu pour le pays
139,Hanse Materials Lda,DK,DK,DK291446999,DK291446999,format_invalide,Numero nettoye non conforme au format attendu pour le pays
146,Nord Materials Oy,UK,UK,UK190500864B18,UK190500864B18,pays_hors_perimetre_vies,Pays present dans le fichier mais hors Union europeenne
152,Delta Trading Sp. z o.o.,ZZ,ZZ,ZZ06520766,ZZ06520766,pays_hors_referentiel_ue,Code pays absent du referentiel UE local
155,Vertex Consulting Lda,SE,SE,SE99296861790,SE99296861790,format_invalide,Numero nettoye non conforme au format attendu pour le pays
163,Solaris Trading AB,IT,IT,38486825359,38486825359,format_invalide,Numero nettoye non conforme au format attendu pour le pays
167,Azur Consulting AB,DK,DK,DK87G17730,DK87G17730,format_invalide,Numero nettoye non conforme au format attendu pour le pays
168,Granit Trading BV,DK,DK,DK663574817,DK663574817,format_invalide,Numero nettoye non conforme au format attendu pour le pays
169,Lumen Foods SpA,IT,IT,IT1890180302,IT1890180302,format_invalide,Numero nettoye non conforme au format attendu pour le pays
181,Alpine Services Lda,IT,IT,33139885439,33139885439,format_invalide,Numero nettoye non conforme au format attendu pour le pays
183,Global Materials BV,UK,UK,UK558680011,UK558680011,pays_hors_perimetre_vies,Pays present dans le fichier mais hors Union europeenne
184,Vertex Logistics SA,SE,SE,SE9682668794H1,SE9682668794H1,format_invalide,Numero nettoye non conforme au format attendu pour le pays
189,Corvus Consulting NV,IT,IT,88838354509,88838354509,format_invalide,Numero nettoye non conforme au format attendu pour le pays
191,Ardent Consulting GmbH,PL,PL,PL599561905,PL599561905,format_invalide,Numero nettoye non conforme au format attendu pour le pays
193,Prima Transports GmbH,PL,PL,PL93184850G3,PL93184850G3,format_invalide,Numero nettoye non conforme au format attendu pour le pays
195,Prima Consulting Sp. z o.o.,SE,SE,107327005801,107327005801,format_invalide,Numero nettoye non conforme au format attendu pour le pays
200,Global Services GmbH,BE,BE,BE-183858570,BE183858570,format_invalide,Numero nettoye non conforme au format attendu pour le pays
210,Hanse Trading AB,FR,FR,FR876M3653073,FR876M3653073,format_invalide,Numero nettoye non conforme au format attendu pour le pays
212,Delta Consulting A/S,LU,LU,LU893H3823,LU893H3823,format_invalide,Numero nettoye non conforme au format attendu pour le pays
214,Global Trading NV,DK,DK,DK9253M010,DK9253M010,format_invalide,Numero nettoye non conforme au format attendu pour le pays
215,Metallo Transports SARL,DK,DK,DK859008M6,DK859008M6,format_invalide,Numero nettoye non conforme au format attendu pour le pays
217,Delta Foods SpA,ZZ,ZZ,ZZ10353874,ZZ10353874,pays_hors_referentiel_ue,Code pays absent du referentiel UE local
230,Lusitania Transports SARL,ZZ,ZZ,zz23140153,ZZ23140153,pays_hors_referentiel_ue,Code pays absent du referentiel UE local
236,Papyrus Industries Sp. z o.o.,XX,XX,XX06179453771,XX06179453771,pays_hors_referentiel_ue,Code pays absent du referentiel UE local
247,Atlantic Transports GmbH,PL,PL,5112134613,5112134613,format_invalide,Numero nettoye non conforme au format attendu pour le pays
250,Textil Materials SAS,PL,PL,PL28234607426,PL28234607426,format_invalide,Numero nettoye non conforme au format attendu pour le pays
252,Meridian Trading SAS,FI,FI,FI221839011,FI221839011,format_invalide,Numero nettoye non conforme au format attendu pour le pays
253,Ardent Foods GmbH,ZZ,ZZ,ZZ74937799,ZZ74937799,pays_hors_referentiel_ue,Code pays absent du referentiel UE local
255,Hanse Technologies NV,SE,SE,SE3660K1902001,SE3660K1902001,format_invalide,Numero nettoye non conforme au format attendu pour le pays
256,Solaris Distribution Lda,UK,UK,UK1896323373,UK1896323373,pays_hors_perimetre_vies,Pays present dans le fichier mais hors Union europeenne
260,Textil Trading Sp. z o.o.,LU,LU,75041556,75041556,format_invalide,Numero nettoye non conforme au format attendu pour le pays
262,Corvus Distribution SpA,BE,BE,0572894866,0572894866,format_invalide,Numero nettoye non conforme au format attendu pour le pays
264,Ardent Industries Sp. z o.o.,IT,IT,09184526433,09184526433,format_invalide,Numero nettoye non conforme au format attendu pour le pays
266,Verso Distribution GmbH,NL,NL,NL11178588MB30,NL11178588MB30,format_invalide,Numero nettoye non conforme au format attendu pour le pays
268,Delta Foods Lda,IT,IT,,,numero_tva_absent,Numero TVA absent
270,Global Consulting SAS,LU,LU,22312502,22312502,format_invalide,Numero nettoye non conforme au format attendu pour le pays
276,Vela Logistics Lda,PL,PL,PL1808H15136,PL1808H15136,format_invalide,Numero nettoye non conforme au format attendu pour le pays
280,Metallo Transports BV,FR,FR,FR305495935677,FR305495935677,format_invalide,Numero nettoye non conforme au format attendu pour le pays
282,Global Industries Oy,FR,FR,FR2216648349,FR2216648349,format_invalide,Numero nettoye non conforme au format attendu pour le pays
288,Global Transports SAS,PL,PL,PL659568896,PL659568896,format_invalide,Numero nettoye non conforme au format attendu pour le pays
294,Solaris Services NV,LU,LU,13176343,13176343,format_invalide,Numero nettoye non conforme au format attendu pour le pays
300,Granit Logistics SARL,BE,BE,BE05996194555,BE05996194555,format_invalide,Numero nettoye non conforme au format attendu pour le pays
302,Orion Consulting Sp. z o.o.,IT,IT,40342102486,40342102486,format_invalide,Numero nettoye non conforme au format attendu pour le pays
309,Azur Technologies GmbH,FR,FR,25167984184,25167984184,format_invalide,Numero nettoye non conforme au format attendu pour le pays
310,Orion Transports Oy,LU,LU,LU3620G412,LU3620G412,format_invalide,Numero nettoye non conforme au format attendu pour le pays
312,Orion Foods A/S,PT,PT,PT3787985371,PT3787985371,format_invalide,Numero nettoye non conforme au format attendu pour le pays
319,Papyrus Industries SA,BE,BE,0282330178,0282330178,format_invalide,Numero nettoye non conforme au format attendu pour le pays
322,Delta Services BV,XX,XX,XX8849308444,XX8849308444,pays_hors_referentiel_ue,Code pays absent du referentiel UE local
324,Baltic Materials Oy,LU,LU,LU9271210,LU9271210,format_invalide,Numero nettoye non conforme au format attendu pour le pays
326,Atlantic Foods A/S,LU,LU,66781043,66781043,format_invalide,Numero nettoye non conforme au format attendu pour le pays
335,Orion Industries GmbH,GB,GB,GB50379703197,GB50379703197,pays_hors_perimetre_vies,Pays present dans le fichier mais hors Union europeenne
347,Kappa Services SAS,IT,IT,IT859502090579,IT859502090579,format_invalide,Numero nettoye non conforme au format attendu pour le pays
348,Granit Foods SA,UK,UK,UK2219574655,UK2219574655,pays_hors_perimetre_vies,Pays present dans le fichier mais hors Union europeenne
349,Global Industries Sp. z o.o.,PT,PT,PT87482735J,PT87482735J,format_invalide,Numero nettoye non conforme au format attendu pour le pays
350,Textil Foods SA,ZZ,ZZ,ZZ0177743788,ZZ0177743788,pays_hors_referentiel_ue,Code pays absent du referentiel UE local
351,Delta Logistics SpA,IT,IT,IT1075410979,IT1075410979,format_invalide,Numero nettoye non conforme au format attendu pour le pays
358,Lumen Trading SARL,SE,SE,SE39O573960001,SE39O573960001,format_invalide,Numero nettoye non conforme au format attendu pour le pays
363,Papyrus Technologies Lda,IT,IT,92121081050,92121081050,format_invalide,Numero nettoye non conforme au format attendu pour le pays
368,Meridian Industries A/S,NL,NL, ,,numero_tva_absent,Numero TVA absent
376,Ardent Services SpA,FI,FI,FI0282040,FI0282040,format_invalide,Numero nettoye non conforme au format attendu pour le pays
378,Baltic Foods NV,FI,FI,-,,numero_tva_absent,Numero TVA absent
381,Meridian Consulting Lda,PT,PT,PT9580527197,PT9580527197,format_invalide,Numero nettoye non conforme au format attendu pour le pays
382,Meridian Industries NV,PL,PL,PL870679096,PL870679096,format_invalide,Numero nettoye non conforme au format attendu pour le pays
393,Lusitania Consulting Sp. z o.o.,SE,SE,188339040101,188339040101,format_invalide,Numero nettoye non conforme au format attendu pour le pays
394,Vertex Technologies BV,UK,UK,UK13271593,UK13271593,pays_hors_perimetre_vies,Pays present dans le fichier mais hors Union europeenne
397,Vela Distribution Lda,FI,FI,FI98442H47,FI98442H47,format_invalide,Numero nettoye non conforme au format attendu pour le pays
401,Vela Logistics Oy,PT,PT,PT15638819,PT15638819,format_invalide,Numero nettoye non conforme au format attendu pour le pays
407,Ardent Materials SARL,FI,FI,FI943097619,FI943097619,format_invalide,Numero nettoye non conforme au format attendu pour le pays
410,Lusitania Technologies Oy,PT,PT,264823940,264823940,format_invalide,Numero nettoye non conforme au format attendu pour le pays
411,Prima Materials Lda,SE,SE,318962345101,318962345101,format_invalide,Numero nettoye non conforme au format attendu pour le pays
414,Cobalt Industries GmbH,SE,SE,SE6252247934017,SE6252247934017,format_invalide,Numero nettoye non conforme au format attendu pour le pays
416,Prima Services Oy,XX,XX,XX57846588598,XX57846588598,pays_hors_referentiel_ue,Code pays absent du referentiel UE local
421,Baltic Transports SpA,IT,IT,null,NULL,numero_tva_absent,Numero TVA absent
427,Meridian Technologies Sp. z o.o.,NL,NL,843131032B77,843131032B77,format_invalide,Numero nettoye non conforme au format attendu pour le pays
429,Baltic Consulting SAS,GB,GB,GB983761159,GB983761159,pays_hors_perimetre_vies,Pays present dans le fichier mais hors Union europeenne
436,Atlantic Materials AB,SE,SE,SE5123K3631201,SE5123K3631201,format_invalide,Numero nettoye non conforme au format attendu pour le pays
441,Baltic Transports GmbH,IT,IT,IT19625M10266,IT19625M10266,format_invalide,Numero nettoye non conforme au format attendu pour le pays
447,Batavia Foods Oy,BE,BE,BE027570666,BE027570666,format_invalide,Numero nettoye non conforme au format attendu pour le pays
448,Lusitania Transports Oy,FI,FI,FI1J419039,FI1J419039,format_invalide,Numero nettoye non conforme au format attendu pour le pays
449,Vertex Materials GmbH,PT,PT,PT9734988541,PT9734988541,format_invalide,Numero nettoye non conforme au format attendu pour le pays
456,Batavia Trading GmbH,IT,IT,IT2170405537,IT2170405537,format_invalide,Numero nettoye non conforme au format attendu pour le pays
459,Papyrus Logistics A/S,SE,SE,SE6547921566010,SE6547921566010,format_invalide,Numero nettoye non conforme au format attendu pour le pays
462,Verso Consulting SpA,SE,SE,SE9560064835015,SE9560064835015,format_invalide,Numero nettoye non conforme au format attendu pour le pays
463,Nord Services Lda,PL,PL,PL56392099417,PL56392099417,format_invalide,Numero nettoye non conforme au format attendu pour le pays
464,Global Consulting SA,SE,SE,574057769601,574057769601,format_invalide,Numero nettoye non conforme au format attendu pour le pays
465,Meridian Logistics SAS,PT,PT,PT1851114326,PT1851114326,format_invalide,Numero nettoye non conforme au format attendu pour le pays
470,Baltic Foods SARL,IT,IT,63884054741,63884054741,format_invalide,Numero nettoye non conforme au format attendu pour le pays
472,Verso Foods A/S,PT,PT,-,,numero_tva_absent,Numero TVA absent
483,Fabrica Industries Sp. z o.o.,PT,PT,238430596,238430596,format_invalide,Numero nettoye non conforme au format attendu pour le pays
485,Lusitania Foods Oy,SE,SE,SE54674K407201,SE54674K407201,format_invalide,Numero nettoye non conforme au format attendu pour le pays
492,Global Materials Lda,FR,FR,FR941072657962,FR941072657962,format_invalide,Numero nettoye non conforme au format attendu pour le pays
494,Fabrica Technologies SAS,PT,PT,686019431,686019431,format_invalide,Numero nettoye non conforme au format attendu pour le pays
498,Azur Logistics A/S,UK,UK,UK4089940044,UK4089940044,pays_hors_perimetre_vies,Pays present dans le fichier mais hors Union europeenne
507,Solaris Trading Lda,LU,LU,null,NULL,numero_tva_absent,Numero TVA absent
515,Papyrus Logistics SA,ZZ,ZZ,ZZ32028219,ZZ32028219,pays_hors_referentiel_ue,Code pays absent du referentiel UE local
516,Fabrica Consulting Lda,NL,NL,160554433B57,160554433B57,format_invalide,Numero nettoye non conforme au format attendu pour le pays
521,Global Trading A/S,QQ,QQ,QQ0637779354,QQ0637779354,pays_hors_referentiel_ue,Code pays absent du referentiel UE local
526,Lusitania Services AB,SE,SE,SE21790929O401,SE21790929O401,format_invalide,Numero nettoye non conforme au format attendu pour le pays
528,Global Trading BV,SE,SE,395554408901,395554408901,format_invalide,Numero nettoye non conforme au format attendu pour le pays
530,Prima Consulting SARL,QQ,QQ,QQ72558658,QQ72558658,pays_hors_referentiel_ue,Code pays absent du referentiel UE local
532,Nord Trading SpA,PT,PT,null,NULL,numero_tva_absent,Numero TVA absent
537,Meridian Services SA,FR,FR,83978048922,83978048922,format_invalide,Numero nettoye non conforme au format attendu pour le pays
539,Papyrus Industries SA,BE,BE,0282330178,0282330178,format_invalide,Numero nettoye non conforme au format attendu pour le pays
540,Delta Trading SARL,FR,FR,FR003433647676,FR003433647676,format_invalide,Numero nettoye non conforme au format attendu pour le pays
542,Metallo Materials Oy,NL,NL,NL0K4394479B41,NL0K4394479B41,format_invalide,Numero nettoye non conforme au format attendu pour le pays
543,Prima Foods BV,ZZ,ZZ,ZZ236109235,ZZ236109235,pays_hors_referentiel_ue,Code pays absent du referentiel UE local
544,Cobalt Technologies GmbH,NL,NL,NL105427135B685,NL105427135B685,format_invalide,Numero nettoye non conforme au format attendu pour le pays
550,Cobalt Transports SA,PL,PL,1151018694,1151018694,format_invalide,Numero nettoye non conforme au format attendu pour le pays
569,Granit Foods Oy,BE,BE,BE044727650,BE044727650,format_invalide,Numero nettoye non conforme au format attendu pour le pays
574,Vela Logistics A/S,BE,BE,BE155785909,BE155785909,format_invalide,Numero nettoye non conforme au format attendu pour le pays
576,Nord Services BV,IT,IT,IT088961045130,IT088961045130,format_invalide,Numero nettoye non conforme au format attendu pour le pays
578,Lusitania Transports Lda,FR,FR,FR0922185G623,FR0922185G623,format_invalide,Numero nettoye non conforme au format attendu pour le pays
581,Metallo Distribution A/S,DK,DK,DK5523382H,DK5523382H,format_invalide,Numero nettoye non conforme au format attendu pour le pays
587,Baltic Industries AB,UK,UK,UK14286084232,UK14286084232,pays_hors_perimetre_vies,Pays present dans le fichier mais hors Union europeenne
591,Fabrica Consulting SpA,ZZ,ZZ,ZZ1545654242,ZZ1545654242,pays_hors_referentiel_ue,Code pays absent du referentiel UE local
595,Ardent Distribution GmbH,ZZ,ZZ,ZZ0932368849,ZZ0932368849,pays_hors_referentiel_ue,Code pays absent du referentiel UE local
602,Corvus Consulting GmbH,PL,PL,PL481853459,PL481853459,format_invalide,Numero nettoye non conforme au format attendu pour le pays
603,Baltic Consulting Sp. z o.o.,FI,FI,FI73681H47,FI73681H47,format_invalide,Numero nettoye non conforme au format attendu pour le pays
604,Metallo Foods BV,NL,NL,NL94106585OB46,NL94106585OB46,format_invalide,Numero nettoye non conforme au format attendu pour le pays
605,Metallo Services Oy,PT,PT,433384956,433384956,format_invalide,Numero nettoye non conforme au format attendu pour le pays
609,Nord Consulting NV,LU,LU,LU512803741,LU512803741,format_invalide,Numero nettoye non conforme au format attendu pour le pays
615,Atlantic Transports SA,FI,FI,FI0310277G,FI0310277G,format_invalide,Numero nettoye non conforme au format attendu pour le pays
616,Solaris Materials SAS,UK,UK,UK52393045,UK52393045,pays_hors_perimetre_vies,Pays present dans le fichier mais hors Union europeenne
623,Alpine Trading SAS,SE,SE,227489464701,227489464701,format_invalide,Numero nettoye non conforme au format attendu pour le pays
624,Alpine Services AB,FR,FR,N/A,NA,numero_tva_absent,Numero TVA absent
625,Ardent Foods AB,ZZ,ZZ,ZZ20474878822,ZZ20474878822,pays_hors_referentiel_ue,Code pays absent du referentiel UE local
627,Global Technologies SpA,PL,PL,PL59034180347,PL59034180347,format_invalide,Numero nettoye non conforme au format attendu pour le pays
630,Lusitania Materials SARL,XX,XX,XX82647147,XX82647147,pays_hors_referentiel_ue,Code pays absent du referentiel UE local
633,Solaris Distribution Sp. z o.o.,IT,IT,IT9004918307H,IT9004918307H,format_invalide,Numero nettoye non conforme au format attendu pour le pays
634,Orion Industries AB,UK,UK,UK81283302006,UK81283302006,pays_hors_perimetre_vies,Pays present dans le fichier mais hors Union europeenne
635,Fabrica Industries SpA,PT,PT,PT6H0268947,PT6H0268947,format_invalide,Numero nettoye non conforme au format attendu pour le pays
636,Global Industries Oy,FR,FR,FR2216648349,FR2216648349,format_invalide,Numero nettoye non conforme au format attendu pour le pays
639,Granit Materials Lda,QQ,QQ,QQ456302906B40,QQ456302906B40,pays_hors_referentiel_ue,Code pays absent du referentiel UE local
645,Ardent Materials A/S,DK,DK,48142036,48142036,format_invalide,Numero nettoye non conforme au format attendu pour le pays
650,Ardent Logistics NV,UK,UK,UK067921461901,UK067921461901,pays_hors_perimetre_vies,Pays present dans le fichier mais hors Union europeenne
658,Vertex Trading SpA,BE,BE,BE11H5207112,BE11H5207112,format_invalide,Numero nettoye non conforme au format attendu pour le pays
663,Papyrus Trading SARL,LU,LU,50324640,50324640,format_invalide,Numero nettoye non conforme au format attendu pour le pays
670,Vertex Distribution Sp. z o.o.,FR,FR,N/A,NA,numero_tva_absent,Numero TVA absent
672,Azur Transports SA,LU,LU,LU2907043H,LU2907043H,format_invalide,Numero nettoye non conforme au format attendu pour le pays
673,Meridian Technologies SpA,IT,IT,65678084248,65678084248,format_invalide,Numero nettoye non conforme au format attendu pour le pays
679,Vertex Trading NV,PT,PT,null,NULL,numero_tva_absent,Numero TVA absent
680,Meridian Distribution SAS,BE,BE,1953621273,1953621273,format_invalide,Numero nettoye non conforme au format attendu pour le pays
683,Textil Trading Oy,PL,PL,PL37905352915,PL37905352915,format_invalide,Numero nettoye non conforme au format attendu pour le pays
687,Lumen Consulting BV,NL,NL,,,numero_tva_absent,Numero TVA absent
691,Papyrus Materials SARL,NL,NL,381581160B69,381581160B69,format_invalide,Numero nettoye non conforme au format attendu pour le pays
692,Global Distribution SpA,UK,UK,UK610812408,UK610812408,pays_hors_perimetre_vies,Pays present dans le fichier mais hors Union europeenne
706,Granit Materials A/S,DK,DK,91565056,91565056,format_invalide,Numero nettoye non conforme au format attendu pour le pays
708,Kappa Transports SpA,NL,NL,NL579516921B155,NL579516921B155,format_invalide,Numero nettoye non conforme au format attendu pour le pays
711,Prima Materials SAS,NL,NL,NL017266270B4,NL017266270B4,format_invalide,Numero nettoye non conforme au format attendu pour le pays
713,Global Industries Sp. z o.o.,FI,FI,94374459,94374459,format_invalide,Numero nettoye non conforme au format attendu pour le pays
714,Cobalt Industries Lda,PT,PT,PT85773111,PT85773111,format_invalide,Numero nettoye non conforme au format attendu pour le pays
716,Lusitania Materials GmbH,LU,LU,LU9473281,LU9473281,format_invalide,Numero nettoye non conforme au format attendu pour le pays
725,Baltic Trading SAS,PL,PL,PL244333J260,PL244333J260,format_invalide,Numero nettoye non conforme au format attendu pour le pays
729,Baltic Industries Sp. z o.o.,ZZ,ZZ,ZZ71233770,ZZ71233770,pays_hors_referentiel_ue,Code pays absent du referentiel UE local
730,Nord Trading SA,FR,FR,FR6948564215,FR6948564215,format_invalide,Numero nettoye non conforme au format attendu pour le pays
731,Orion Services Sp. z o.o.,PL,PL,6723685461,6723685461,format_invalide,Numero nettoye non conforme au format attendu pour le pays
732,Fabrica Foods A/S,IT,IT,IT568660456957,IT568660456957,format_invalide,Numero nettoye non conforme au format attendu pour le pays
741,Lusitania Services NV,PT,PT,PT33140676,PT33140676,format_invalide,Numero nettoye non conforme au format attendu pour le pays
742,Granit Technologies SARL,SE,SE,SE8311G1064101,SE8311G1064101,format_invalide,Numero nettoye non conforme au format attendu pour le pays
745,Nord Transports NV,NL,NL,NLJ41770579B78,NLJ41770579B78,format_invalide,Numero nettoye non conforme au format attendu pour le pays
751,Lusitania Trading SAS,XX,XX,XX854229981,XX854229981,pays_hors_referentiel_ue,Code pays absent du referentiel UE local
768,Papyrus Consulting SAS,BE,BE,BEM915531452,BEM915531452,format_invalide,Numero nettoye non conforme au format attendu pour le pays
774,Global Distribution Sp. z o.o.,SE,SE,SE69166638490,SE69166638490,format_invalide,Numero nettoye non conforme au format attendu pour le pays
777,Papyrus Logistics A/S,SE,SE,SE-6547921566010,SE6547921566010,format_invalide,Numero nettoye non conforme au format attendu pour le pays
782,Hanse Transports GmbH,SE,SE,102863781501,102863781501,format_invalide,Numero nettoye non conforme au format attendu pour le pays
783,Textil Foods NV,SE,SE,550629771101,550629771101,format_invalide,Numero nettoye non conforme au format attendu pour le pays
789,Kappa Technologies GmbH,XX,XX,XX37149959266,XX37149959266,pays_hors_referentiel_ue,Code pays absent du referentiel UE local
794,Verso Distribution Oy,QQ,QQ,QQ6297627899,QQ6297627899,pays_hors_referentiel_ue,Code pays absent du referentiel UE local
795,Vertex Technologies Lda,PT,PT,PT49370154,PT49370154,format_invalide,Numero nettoye non conforme au format attendu pour le pays
798,Baltic Logistics GmbH,PT,PT,520614305,520614305,format_invalide,Numero nettoye non conforme au format attendu pour le pays
801,Kappa Distribution GmbH,FI,FI,25307340,25307340,format_invalide,Numero nettoye non conforme au format attendu pour le pays
807,Verso Foods A/S,NL,NL,NL360867340B104,NL360867340B104,format_invalide,Numero nettoye non conforme au format attendu pour le pays
815,Granit Trading SARL,IT,IT,IT687109213691,IT687109213691,format_invalide,Numero nettoye non conforme au format attendu pour le pays
816,Baltic Foods BV,PT,PT,PT85259984,PT85259984,format_invalide,Numero nettoye non conforme au format attendu pour le pays
817,Verso Logistics NV,PL,PL,9912394884,9912394884,format_invalide,Numero nettoye non conforme au format attendu pour le pays
819,Delta Materials AB,BE,BE,1535023416,1535023416,format_invalide,Numero nettoye non conforme au format attendu pour le pays
820,Metallo Distribution Oy,SE,SE,SE10063118210H,SE10063118210H,format_invalide,Numero nettoye non conforme au format attendu pour le pays
821,Granit Foods BV,DK,DK, ,,numero_tva_absent,Numero TVA absent
831,Atlantic Foods SARL,QQ,QQ,QQ954863715701,QQ954863715701,pays_hors_referentiel_ue,Code pays absent du referentiel UE local
835,Ardent Services A/S,PL,PL,PL41185523863,PL41185523863,format_invalide,Numero nettoye non conforme au format attendu pour le pays
838,Solaris Trading NV,DK,DK,null,NULL,numero_tva_absent,Numero TVA absent
849,Vertex Materials AB,UK,UK,UK949812293,UK949812293,pays_hors_perimetre_vies,Pays present dans le fichier mais hors Union europeenne
851,Papyrus Materials SARL,NL,NL,NL448602477B157,NL448602477B157,format_invalide,Numero nettoye non conforme au format attendu pour le pays
853,Meridian Materials A/S,FI,FI,11015857,11015857,format_invalide,Numero nettoye non conforme au format attendu pour le pays
859,Vertex Consulting Sp. z o.o.,FR,FR,FR365K0339166,FR365K0339166,format_invalide,Numero nettoye non conforme au format attendu pour le pays
860,Vela Materials A/S,UK,UK,UK83124112,UK83124112,pays_hors_perimetre_vies,Pays present dans le fichier mais hors Union europeenne
861,Azur Technologies SAS,NL,NL,425112330B49,425112330B49,format_invalide,Numero nettoye non conforme au format attendu pour le pays
874,Fabrica Consulting SAS,FR,FR,30776536416,30776536416,format_invalide,Numero nettoye non conforme au format attendu pour le pays
876,Vela Technologies Sp. z o.o.,QQ,QQ,QQ484748190,QQ484748190,pays_hors_referentiel_ue,Code pays absent du referentiel UE local
879,Delta Distribution GmbH,IT,IT,IT277263524647,IT277263524647,format_invalide,Numero nettoye non conforme au format attendu pour le pays
880,Fabrica Distribution AB,LU,LU,LU691465245,LU691465245,format_invalide,Numero nettoye non conforme au format attendu pour le pays
901,Meridian Technologies Sp. z o.o.,NL,NL,84-3131032B77,843131032B77,format_invalide,Numero nettoye non conforme au format attendu pour le pays
902,Verso Materials SAS,NL,NL,727213994B55,727213994B55,format_invalide,Numero nettoye non conforme au format attendu pour le pays
904,Kappa Logistics SA,NL,NL,-,,numero_tva_absent,Numero TVA absent
906,Ardent Materials SARL,FI,FI,FI 9430 97619,FI943097619,format_invalide,Numero nettoye non conforme au format attendu pour le pays
908,Papyrus Materials NV,IT,IT,IT340332768402,IT340332768402,format_invalide,Numero nettoye non conforme au format attendu pour le pays
910,Textil Trading Sp. z o.o.,BE,BE,,,numero_tva_absent,Numero TVA absent
919,Vela Technologies SARL,NL,NL,NL6132922G5B31,NL6132922G5B31,format_invalide,Numero nettoye non conforme au format attendu pour le pays
920,Meridian Logistics BV,NL,NL,-,,numero_tva_absent,Numero TVA absent
926,Hanse Consulting Lda,SE,SE,SE0439877721013,SE0439877721013,format_invalide,Numero nettoye non conforme au format attendu pour le pays
929,Nord Technologies Lda,DK,DK,DK6975271,DK6975271,format_invalide,Numero nettoye non conforme au format attendu pour le pays
931,Meridian Trading BV,PT,PT,129297011,129297011,format_invalide,Numero nettoye non conforme au format attendu pour le pays
936,Alpine Industries Sp. z o.o.,FR,FR,FR366441358808,FR366441358808,format_invalide,Numero nettoye non conforme au format attendu pour le pays
938,Prima Transports BV,BE,BE,,,numero_tva_absent,Numero TVA absent
942,Prima Logistics Oy,XX,XX,XX4092735087,XX4092735087,pays_hors_referentiel_ue,Code pays absent du referentiel UE local
945,Verso Distribution Oy,IT,IT,IT3579O361582,IT3579O361582,format_invalide,Numero nettoye non conforme au format attendu pour le pays
946,Baltic Distribution SARL,QQ,QQ,QQ99135169,QQ99135169,pays_hors_referentiel_ue,Code pays absent du referentiel UE local
954,Prima Foods BV,ZZ,ZZ,ZZ-236109235,ZZ236109235,pays_hors_referentiel_ue,Code pays absent du referentiel UE local
956,Lusitania Foods SARL,GB,GB,GB67035666,GB67035666,pays_hors_perimetre_vies,Pays present dans le fichier mais hors Union europeenne
964,Batavia Materials GmbH,DK,DK,,,numero_tva_absent,Numero TVA absent
967,Batavia Transports AB,ZZ,ZZ,ZZ450148554601,ZZ450148554601,pays_hors_referentiel_ue,Code pays absent du referentiel UE local
970,Solaris Trading Sp. z o.o.,XX,XX,XX8710563952,XX8710563952,pays_hors_referentiel_ue,Code pays absent du referentiel UE local
973,Papyrus Trading Oy,FI,FI,FI934718200,FI934718200,format_invalide,Numero nettoye non conforme au format attendu pour le pays
980,Vertex Industries SARL,FI,FI,79240241,79240241,format_invalide,Numero nettoye non conforme au format attendu pour le pays
991,Lusitania Materials SARL,XX,XX,xx82647147,XX82647147,pays_hors_referentiel_ue,Code pays absent du referentiel UE local
994,Cobalt Materials Lda,IT,IT,IT680870909546,IT680870909546,format_invalide,Numero nettoye non conforme au format attendu pour le pays
995,Azur Materials SARL,PL,PL,PL43587496808,PL43587496808,format_invalide,Numero nettoye non conforme au format attendu pour le pays
997,Vela Distribution SARL,PL,PL,PL240G390928,PL240G390928,format_invalide,Numero nettoye non conforme au format attendu pour le pays
1007,Kappa Materials SpA,QQ,QQ,QQ566208199,QQ566208199,pays_hors_referentiel_ue,Code pays absent du referentiel UE local
1010,Ardent Trading SARL,BE,BE,,,numero_tva_absent,Numero TVA absent
1011,Kappa Logistics Sp. z o.o.,BE,BE,BE03473307696,BE03473307696,format_invalide,Numero nettoye non conforme au format attendu pour le pays
1015,Lusitania Industries SA,BE,BE,BE142868J769,BE142868J769,format_invalide,Numero nettoye non conforme au format attendu pour le pays
1016,Kappa Materials SpA,DK,DK,05349443,05349443,format_invalide,Numero nettoye non conforme au format attendu pour le pays
1018,Papyrus Foods GmbH,FR,FR,FR699073518900,FR699073518900,format_invalide,Numero nettoye non conforme au format attendu pour le pays
1019,Granit Foods BV,ZZ,ZZ,ZZ318690179301,ZZ318690179301,pays_hors_referentiel_ue,Code pays absent du referentiel UE local
1021,Papyrus Technologies Oy,NL,NL,-,,numero_tva_absent,Numero TVA absent
1029,Verso Transports SpA,PT,PT,776875248,776875248,format_invalide,Numero nettoye non conforme au format attendu pour le pays
1031,Cobalt Transports Oy,UK,UK,UK1289321822,UK1289321822,pays_hors_perimetre_vies,Pays present dans le fichier mais hors Union europeenne
1036,Cobalt Consulting NV,BE,BE,BE1968397O40,BE1968397O40,format_invalide,Numero nettoye non conforme au format attendu pour le pays
1040,Verso Services SAS,PT,PT,PT92077561,PT92077561,format_invalide,Numero nettoye non conforme au format attendu pour le pays
1042,Meridian Materials GmbH,NL,NL,NL827230527B469,NL827230527B469,format_invalide,Numero nettoye non conforme au format attendu pour le pays
1054,Kappa Materials Lda,SE,SE,034921214201,034921214201,format_invalide,Numero nettoye non conforme au format attendu pour le pays
1058,Azur Logistics GmbH,IT,IT,IT5437334155,IT5437334155,format_invalide,Numero nettoye non conforme au format attendu pour le pays
1059,Batavia Foods Sp. z o.o.,NL,NL, ,,numero_tva_absent,Numero TVA absent
1063,Nord Transports A/S,SE,SE,082760917301,082760917301,format_invalide,Numero nettoye non conforme au format attendu pour le pays
1065,Atlantic Transports SA,SE,SE,SE4002082669015,SE4002082669015,format_invalide,Numero nettoye non conforme au format attendu pour le pays
1066,Meridian Technologies A/S,FI,FI,FI9108723,FI9108723,format_invalide,Numero nettoye non conforme au format attendu pour le pays
1068,Delta Technologies GmbH,SE,SE,SE57697565850,SE57697565850,format_invalide,Numero nettoye non conforme au format attendu pour le pays
1071,Lusitania Trading A/S,XX,XX,XX62534680248,XX62534680248,pays_hors_referentiel_ue,Code pays absent du referentiel UE local
1074,Vertex Consulting Oy,SE,SE,N/A,NA,numero_tva_absent,Numero TVA absent
1079,Verso Distribution Oy,LU,LU,LU7K726459,LU7K726459,format_invalide,Numero nettoye non conforme au format attendu pour le pays
1080,Global Consulting A/S,PL,PL,3413169278,3413169278,format_invalide,Numero nettoye non conforme au format attendu pour le pays
1085,Global Consulting NV,PL,PL, ,,numero_tva_absent,Numero TVA absent
1087,Lusitania Industries A/S,XX,XX,XX37498653,XX37498653,pays_hors_referentiel_ue,Code pays absent du referentiel UE local
1089,Global Distribution Oy,NL,NL,NLG93266390B02,NLG93266390B02,format_invalide,Numero nettoye non conforme au format attendu pour le pays
1090,Textil Trading Oy,ZZ,ZZ,ZZ44791242,ZZ44791242,pays_hors_referentiel_ue,Code pays absent du referentiel UE local
1107,Orion Materials NV,PT,PT,PT3061279702,PT3061279702,format_invalide,Numero nettoye non conforme au format attendu pour le pays
1108,Global Logistics BV,FR,FR,FR9617074476K,FR9617074476K,format_invalide,Numero nettoye non conforme au format attendu pour le pays
1115,Textil Industries NV,PT,PT,N/A,NA,numero_tva_absent,Numero TVA absent
1116,Fabrica Technologies GmbH,ZZ,ZZ,ZZ72892844,ZZ72892844,pays_hors_referentiel_ue,Code pays absent du referentiel UE local
1117,Azur Transports Oy,IT,IT,IT160367730555,IT160367730555,format_invalide,Numero nettoye non conforme au format attendu pour le pays
1119,Nord Logistics SpA,QQ,QQ,QQ655224920,QQ655224920,pays_hors_referentiel_ue,Code pays absent du referentiel UE local
1120,Fabrica Distribution Oy,PT,PT,PT6892386144,PT6892386144,format_invalide,Numero nettoye non conforme au format attendu pour le pays
1125,Meridian Foods NV,FR,FR, ,,numero_tva_absent,Numero TVA absent
1126,Granit Materials GmbH,FI,FI,FI849155738,FI849155738,format_invalide,Numero nettoye non conforme au format attendu pour le pays
1128,Lusitania Industries SA,NL,NL,NL960518514B1,NL960518514B1,format_invalide,Numero nettoye non conforme au format attendu pour le pays
1129,Atlantic Technologies BV,BE,BE,0950029480,0950029480,format_invalide,Numero nettoye non conforme au format attendu pour le pays
1131,Baltic Services Oy,IT,IT,IT0273J421760,IT0273J421760,format_invalide,Numero nettoye non conforme au format attendu pour le pays
1134,Granit Consulting AB,QQ,QQ,QQ0649227433,QQ0649227433,pays_hors_referentiel_ue,Code pays absent du referentiel UE local
1138,Kappa Industries Oy,PL,PL,1636051756,1636051756,format_invalide,Numero nettoye non conforme au format attendu pour le pays
1139,Cobalt Trading SARL,LU,LU,LU660783470,LU660783470,format_invalide,Numero nettoye non conforme au format attendu pour le pays
1143,Orion Transports GmbH,SE,SE,SE60594178540,SE60594178540,format_invalide,Numero nettoye non conforme au format attendu pour le pays
1150,Alpine Services SARL,DK,DK,DK373747334,DK373747334,format_invalide,Numero nettoye non conforme au format attendu pour le pays
1154,Fabrica Consulting SAS,FI,FI,FI3407399,FI3407399,format_invalide,Numero nettoye non conforme au format attendu pour le pays
1158,Global Distribution SA,NL,NL,116778519B95,116778519B95,format_invalide,Numero nettoye non conforme au format attendu pour le pays
1162,Textil Industries GmbH,PL,PL,1402980679,1402980679,format_invalide,Numero nettoye non conforme au format attendu pour le pays
1164,Prima Transports SARL,XX,XX,XX28677030893,XX28677030893,pays_hors_referentiel_ue,Code pays absent du referentiel UE local
1166,Orion Services Oy,FI,FI,FI2386291,FI2386291,format_invalide,Numero nettoye non conforme au format attendu pour le pays
1167,Delta Technologies Lda,UK,UK,UK1302502986,UK1302502986,pays_hors_perimetre_vies,Pays present dans le fichier mais hors Union europeenne
1172,Global Technologies Sp. z o.o.,DK,DK,DK4562O064,DK4562O064,format_invalide,Numero nettoye non conforme au format attendu pour le pays
1182,Lusitania Trading AB,LU,LU,LU362785216,LU362785216,format_invalide,Numero nettoye non conforme au format attendu pour le pays
1183,Vela Materials Oy,XX,XX,XX9821653127,XX9821653127,pays_hors_referentiel_ue,Code pays absent du referentiel UE local
1185,Meridian Technologies GmbH,NL,NL,NL995781035B8,NL995781035B8,format_invalide,Numero nettoye non conforme au format attendu pour le pays
1187,Hanse Consulting SA,IT,IT,IT6994100577,IT6994100577,format_invalide,Numero nettoye non conforme au format attendu pour le pays
1189,Vertex Industries Sp. z o.o.,SE,SE,SE5314817H6601,SE5314817H6601,format_invalide,Numero nettoye non conforme au format attendu pour le pays
1190,Granit Services SAS,BE,BE,1968486524,1968486524,format_invalide,Numero nettoye non conforme au format attendu pour le pays
1192,Vertex Consulting Oy,DK,DK,81460655,81460655,format_invalide,Numero nettoye non conforme au format attendu pour le pays
1193,Baltic Logistics SAS,NL,NL,NL973989841B400,NL973989841B400,format_invalide,Numero nettoye non conforme au format attendu pour le pays
1194,Corvus Distribution A/S,QQ,QQ,QQ72965331,QQ72965331,pays_hors_referentiel_ue,Code pays absent du referentiel UE local
1196,Textil Materials SpA,IT,IT,IT965116352765,IT965116352765,format_invalide,Numero nettoye non conforme au format attendu pour le pays
1200,Ardent Transports BV,BE,BE,0590526595,0590526595,format_invalide,Numero nettoye non conforme au format attendu pour le pays
1206,Atlantic Services SARL,FI,FI,FI252161821,FI252161821,format_invalide,Numero nettoye non conforme au format attendu pour le pays
1209,Verso Logistics GmbH,SE,SE,SE34245872970,SE34245872970,format_invalide,Numero nettoye non conforme au format attendu pour le pays
1214,Delta Logistics SAS,SE,SE,SE43O879822001,SE43O879822001,format_invalide,Numero nettoye non conforme au format attendu pour le pays
1215,Solaris Technologies SpA,UK,UK,UK373476103B55,UK373476103B55,pays_hors_perimetre_vies,Pays present dans le fichier mais hors Union europeenne
1217,Ardent Transports SpA,GB,GB,GB17510584,GB17510584,pays_hors_perimetre_vies,Pays present dans le fichier mais hors Union europeenne
1220,Verso Materials SAS,IT,IT,IT2891214825,IT2891214825,format_invalide,Numero nettoye non conforme au format attendu pour le pays
1222,Corvus Distribution SpA,IT,IT,-,,numero_tva_absent,Numero TVA absent
1224,Global Trading SpA,PT,PT,PT6795677635,PT6795677635,format_invalide,Numero nettoye non conforme au format attendu pour le pays
1225,Lusitania Services SAS,PT,PT,PT9275291498,PT9275291498,format_invalide,Numero nettoye non conforme au format attendu pour le pays
1228,Atlantic Transports SARL,BE,BE,BE12867450850,BE12867450850,format_invalide,Numero nettoye non conforme au format attendu pour le pays
1232,Papyrus Industries SA,BE,BE,02.82330178,0282330178,format_invalide,Numero nettoye non conforme au format attendu pour le pays
1236,Granit Consulting AB,DK,DK,DK803494591,DK803494591,format_invalide,Numero nettoye non conforme au format attendu pour le pays
1238,Prima Consulting Oy,SE,SE,N/A,NA,numero_tva_absent,Numero TVA absent
1240,Alpine Consulting A/S,FR,FR,88216943500,88216943500,format_invalide,Numero nettoye non conforme au format attendu pour le pays
1243,Nord Services SARL,LU,LU,LU431M9073,LU431M9073,format_invalide,Numero nettoye non conforme au format attendu pour le pays
1254,Verso Materials A/S,LU,LU,LU310944678,LU310944678,format_invalide,Numero nettoye non conforme au format attendu pour le pays
1263,Metallo Distribution Oy,FR,FR,FR509934983923,FR509934983923,format_invalide,Numero nettoye non conforme au format attendu pour le pays
1264,Orion Services GmbH,BE,BE,BE040596M962,BE040596M962,format_invalide,Numero nettoye non conforme au format attendu pour le pays
1265,Lumen Technologies Lda,PT,PT,625052820,625052820,format_invalide,Numero nettoye non conforme au format attendu pour le pays
1266,Granit Consulting SAS,ZZ,ZZ,ZZ97502530,ZZ97502530,pays_hors_referentiel_ue,Code pays absent du referentiel UE local
1267,Vela Trading SARL,FR,FR,FR2541683467,FR2541683467,format_invalide,Numero nettoye non conforme au format attendu pour le pays
1269,Hanse Transports Oy,NL,NL,NL652674094B328,NL652674094B328,format_invalide,Numero nettoye non conforme au format attendu pour le pays
1277,Alpine Industries NV,FR,FR,-,,numero_tva_absent,Numero TVA absent
1280,Azur Industries BV,GB,GB,GB509795234,GB509795234,pays_hors_perimetre_vies,Pays present dans le fichier mais hors Union europeenne
1281,Vertex Logistics GmbH,BE,BE,0176829911,0176829911,format_invalide,Numero nettoye non conforme au format attendu pour le pays
1285,Fabrica Consulting SAS,PL,PL,1177859742,1177859742,format_invalide,Numero nettoye non conforme au format attendu pour le pays
1286,Corvus Services SARL,SE,SE,SE15514011420,SE15514011420,format_invalide,Numero nettoye non conforme au format attendu pour le pays
1287,Global Industries BV,NL,NL,600957901B26,600957901B26,format_invalide,Numero nettoye non conforme au format attendu pour le pays
1289,Granit Industries Oy,PT,PT,PT5K4721864,PT5K4721864,format_invalide,Numero nettoye non conforme au format attendu pour le pays
1294,Kappa Transports A/S,NL,NL,186644929B82,186644929B82,format_invalide,Numero nettoye non conforme au format attendu pour le pays
1302,Alpine Logistics NV,IT,IT,IT8104299852H,IT8104299852H,format_invalide,Numero nettoye non conforme au format attendu pour le pays
1312,Textil Technologies SpA,FI,FI,FI683317629,FI683317629,format_invalide,Numero nettoye non conforme au format attendu pour le pays
1319,Baltic Consulting Sp. z o.o.,PT,PT,521212782,521212782,format_invalide,Numero nettoye non conforme au format attendu pour le pays
1320,Ardent Trading SARL,BE,BE,BEG809488280,BEG809488280,format_invalide,Numero nettoye non conforme au format attendu pour le pays
1327,Lumen Distribution SA,PT,PT,PT23M897073,PT23M897073,format_invalide,Numero nettoye non conforme au format attendu pour le pays
1329,Prima Materials A/S,UK,UK,UK71100025,UK71100025,pays_hors_perimetre_vies,Pays present dans le fichier mais hors Union europeenne
1334,Lumen Logistics SARL,XX,XX,XX603619274,XX603619274,pays_hors_referentiel_ue,Code pays absent du referentiel UE local
1336,Fabrica Transports SpA,PL,PL,PL142313K578,PL142313K578,format_invalide,Numero nettoye non conforme au format attendu pour le pays
1343,Global Foods GmbH,DK,DK,DK482K2675,DK482K2675,format_invalide,Numero nettoye non conforme au format attendu pour le pays
1346,Prima Foods BV,ZZ,ZZ,  ZZ236109235 ,ZZ236109235,pays_hors_referentiel_ue,Code pays absent du referentiel UE local
1351,Alpine Distribution SARL,DK,DK,DK198553252,DK198553252,format_invalide,Numero nettoye non conforme au format attendu pour le pays
1360,Vertex Consulting Lda,IT,IT,IT9896338810M,IT9896338810M,format_invalide,Numero nettoye non conforme au format attendu pour le pays
1361,Vela Trading SpA,GB,GB,GB476467998B32,GB476467998B32,pays_hors_perimetre_vies,Pays present dans le fichier mais hors Union europeenne
1364,Nord Logistics SAS,FI,FI,FI781283628,FI781283628,format_invalide,Numero nettoye non conforme au format attendu pour le pays
1374,Textil Technologies AB,LU,LU,LU779K9511,LU779K9511,format_invalide,Numero nettoye non conforme au format attendu pour le pays
1379,Lumen Materials SpA,LU,LU,93686147,93686147,format_invalide,Numero nettoye non conforme au format attendu pour le pays
1381,Solaris Trading Oy,LU,LU,LU384904683,LU384904683,format_invalide,Numero nettoye non conforme au format attendu pour le pays
1387,Ardent Transports SARL,NL,NL,NL193036599B8,NL193036599B8,format_invalide,Numero nettoye non conforme au format attendu pour le pays
1392,Metallo Foods BV,NL,NL,NL-94106585OB46,NL94106585OB46,format_invalide,Numero nettoye non conforme au format attendu pour le pays
1394,Prima Transports SA,SE,SE,SE80521328520,SE80521328520,format_invalide,Numero nettoye non conforme au format attendu pour le pays
1400,Granit Industries NV,DK,DK,DK437486452,DK437486452,format_invalide,Numero nettoye non conforme au format attendu pour le pays
1409,Hanse Materials NV,PT,PT,-,,numero_tva_absent,Numero TVA absent
1410,Fabrica Materials SAS,BE,BE,BE07751582763,BE07751582763,format_invalide,Numero nettoye non conforme au format attendu pour le pays
1417,Meridian Services SA,PL,PL,5504411220,5504411220,format_invalide,Numero nettoye non conforme au format attendu pour le pays
1423,Orion Technologies Sp. z o.o.,FR,FR,68673635757,68673635757,format_invalide,Numero nettoye non conforme au format attendu pour le pays
1424,Nord Transports Lda,FI,FI,FI2O679561,FI2O679561,format_invalide,Numero nettoye non conforme au format attendu pour le pays
1429,Delta Distribution SAS,NL,NL,-,,numero_tva_absent,Numero TVA absent
1440,Papyrus Trading Oy,SE,SE,SE0804G3818901,SE0804G3818901,format_invalide,Numero nettoye non conforme au format attendu pour le pays
1441,Batavia Foods BV,BE,BE,BE19922O8461,BE19922O8461,format_invalide,Numero nettoye non conforme au format attendu pour le pays
1442,Alpine Consulting SARL,FI,FI,null,NULL,numero_tva_absent,Numero TVA absent
1451,Nord Technologies SAS,LU,LU,LU7184O507,LU7184O507,format_invalide,Numero nettoye non conforme au format attendu pour le pays
1458,Meridian Technologies A/S,FR,FR,67387967394,67387967394,format_invalide,Numero nettoye non conforme au format attendu pour le pays
1460,Azur Logistics SpA,DK,DK,DK127217066,DK127217066,format_invalide,Numero nettoye non conforme au format attendu pour le pays
1462,Delta Technologies BV,QQ,QQ,QQ105076499001,QQ105076499001,pays_hors_referentiel_ue,Code pays absent du referentiel UE local
1463,Corvus Foods SA,UK,UK,UK18667340,UK18667340,pays_hors_perimetre_vies,Pays present dans le fichier mais hors Union europeenne
1464,Hanse Trading A/S,QQ,QQ,QQ2095538328,QQ2095538328,pays_hors_referentiel_ue,Code pays absent du referentiel UE local
1469,Alpine Trading NV,DK,DK,null,NULL,numero_tva_absent,Numero TVA absent
1470,Hanse Consulting Lda,DK,DK,DK0J659624,DK0J659624,format_invalide,Numero nettoye non conforme au format attendu pour le pays
1477,Azur Industries SARL,SE,SE,SE3K7758947201,SE3K7758947201,format_invalide,Numero nettoye non conforme au format attendu pour le pays
1478,Batavia Consulting GmbH,FR,FR,FR583444O1551,FR583444O1551,format_invalide,Numero nettoye non conforme au format attendu pour le pays
1486,Fabrica Services A/S,PL,PL,PL861400472,PL861400472,format_invalide,Numero nettoye non conforme au format attendu pour le pays
1489,Global Trading A/S,IT,IT,15851914620,15851914620,format_invalide,Numero nettoye non conforme au format attendu pour le pays
1492,Alpine Distribution SA,NL,NL,311626646B18,311626646B18,format_invalide,Numero nettoye non conforme au format attendu pour le pays
1501,Papyrus Logistics SA,NL,NL,NL062176249B7,NL062176249B7,format_invalide,Numero nettoye non conforme au format attendu pour le pays
1502,Nord Trading AB,FR,FR,FR52246O14783,FR52246O14783,format_invalide,Numero nettoye non conforme au format attendu pour le pays
1503,Atlantic Services SARL,IT,IT,IT4036447986,IT4036447986,format_invalide,Numero nettoye non conforme au format attendu pour le pays
1507,Baltic Industries GmbH,PT,PT,514947063,514947063,format_invalide,Numero nettoye non conforme au format attendu pour le pays
1513,Solaris Trading AB,SE,SE,N/A,NA,numero_tva_absent,Numero TVA absent
1514,Verso Consulting A/S,FI,FI,38596081,38596081,format_invalide,Numero nettoye non conforme au format attendu pour le pays
1515,Cobalt Industries SAS,QQ,QQ,QQ1991925945,QQ1991925945,pays_hors_referentiel_ue,Code pays absent du referentiel UE local
1521,Prima Transports Lda,IT,IT,IT31935152H70,IT31935152H70,format_invalide,Numero nettoye non conforme au format attendu pour le pays
1526,Vertex Foods Lda,LU,LU,LU57407H25,LU57407H25,format_invalide,Numero nettoye non conforme au format attendu pour le pays
1530,Batavia Services BV,LU,LU,null,NULL,numero_tva_absent,Numero TVA absent
1533,Atlantic Industries Sp. z o.o.,PL,PL,PL527226175,PL527226175,format_invalide,Numero nettoye non conforme au format attendu pour le pays
1539,Textil Materials Lda,BE,BE,0243879081,0243879081,format_invalide,Numero nettoye non conforme au format attendu pour le pays
1543,Baltic Distribution SA,GB,GB,GB7780887168,GB7780887168,pays_hors_perimetre_vies,Pays present dans le fichier mais hors Union europeenne
1546,Fabrica Services SARL,PL,PL,7059625279,7059625279,format_invalide,Numero nettoye non conforme au format attendu pour le pays
1550,Azur Distribution SA,PT,PT,PT95648J884,PT95648J884,format_invalide,Numero nettoye non conforme au format attendu pour le pays
1554,Global Materials SpA,ZZ,ZZ,ZZ80123341,ZZ80123341,pays_hors_referentiel_ue,Code pays absent du referentiel UE local
1562,Global Trading NV,GB,GB,GB8934469229,GB8934469229,pays_hors_perimetre_vies,Pays present dans le fichier mais hors Union europeenne
1564,Vela Distribution Lda,FR,FR,FR659300965785,FR659300965785,format_invalide,Numero nettoye non conforme au format attendu pour le pays
1567,Nord Foods SpA,IT,IT,94146717031,94146717031,format_invalide,Numero nettoye non conforme au format attendu pour le pays
1574,Global Technologies NV,IT,IT,IT1700376056,IT1700376056,format_invalide,Numero nettoye non conforme au format attendu pour le pays
1577,Fabrica Foods Lda,PT,PT,PT92915926,PT92915926,format_invalide,Numero nettoye non conforme au format attendu pour le pays
1581,Atlantic Logistics AB,GB,GB,GB08692245284,GB08692245284,pays_hors_perimetre_vies,Pays present dans le fichier mais hors Union europeenne
1587,Azur Services SAS,BE,BE,null,NULL,numero_tva_absent,Numero TVA absent
1593,Metallo Transports SARL,SE,SE,SE0687028134010,SE0687028134010,format_invalide,Numero nettoye non conforme au format attendu pour le pays
1598,Orion Services SAS,FI,FI,FI810368727,FI810368727,format_invalide,Numero nettoye non conforme au format attendu pour le pays
1602,Nord Distribution SAS,BE,BE,BE054753382,BE054753382,format_invalide,Numero nettoye non conforme au format attendu pour le pays
1610,Ardent Transports Oy,PT,PT,PT11620503O,PT11620503O,format_invalide,Numero nettoye non conforme au format attendu pour le pays
1612,Azur Technologies SARL,PT,PT,PT4426853271,PT4426853271,format_invalide,Numero nettoye non conforme au format attendu pour le pays
1613,Alpine Trading SAS,DK,DK,DK026597196,DK026597196,format_invalide,Numero nettoye non conforme au format attendu pour le pays
1617,Orion Materials Oy,PL,PL,1049660791,1049660791,format_invalide,Numero nettoye non conforme au format attendu pour le pays
1628,Batavia Transports GmbH,FR,FR,FR1137939089,FR1137939089,format_invalide,Numero nettoye non conforme au format attendu pour le pays
1637,Verso Logistics Sp. z o.o.,FR,FR,25597254483,25597254483,format_invalide,Numero nettoye non conforme au format attendu pour le pays
1652,Metallo Industries BV,IT,IT,87063066580,87063066580,format_invalide,Numero nettoye non conforme au format attendu pour le pays
1655,Kappa Technologies Oy,XX,XX,XX359287116B71,XX359287116B71,pays_hors_referentiel_ue,Code pays absent du referentiel UE local
1657,Prima Logistics SpA,NL,NL,NL20G265829B17,NL20G265829B17,format_invalide,Numero nettoye non conforme au format attendu pour le pays
1671,Metallo Trading A/S,PT,PT,PT2465153M4,PT2465153M4,format_invalide,Numero nettoye non conforme au format attendu pour le pays
1672,Kappa Technologies Oy,PT,PT,N/A,NA,numero_tva_absent,Numero TVA absent
1685,Lusitania Transports SpA,PL,PL,5894644333,5894644333,format_invalide,Numero nettoye non conforme au format attendu pour le pays
1692,Fabrica Logistics SAS,PL,PL,PL9G97665740,PL9G97665740,format_invalide,Numero nettoye non conforme au format attendu pour le pays
1696,Vela Materials Lda,DK,DK,,,numero_tva_absent,Numero TVA absent
1699,Papyrus Materials BV,UK,UK,UK633282154,UK633282154,pays_hors_perimetre_vies,Pays present dans le fichier mais hors Union europeenne
1700,Nord Technologies SA,ZZ,ZZ,ZZ97387781,ZZ97387781,pays_hors_referentiel_ue,Code pays absent du referentiel UE local
1708,Azur Services AB,IT,IT,N/A,NA,numero_tva_absent,Numero TVA absent
1716,Azur Industries GmbH,QQ,QQ,QQ137483597,QQ137483597,pays_hors_referentiel_ue,Code pays absent du referentiel UE local
1721,Vertex Consulting SAS,DK,DK,DK8204646,DK8204646,format_invalide,Numero nettoye non conforme au format attendu pour le pays
1727,Nord Logistics BV,DK,DK,DK6667602O,DK6667602O,format_invalide,Numero nettoye non conforme au format attendu pour le pays
1735,Kappa Consulting A/S,FI,FI,N/A,NA,numero_tva_absent,Numero TVA absent
1737,Vela Trading GmbH,FI,FI,FIH4105621,FIH4105621,format_invalide,Numero nettoye non conforme au format attendu pour le pays
1740,Global Technologies SAS,PT,PT,364455446,364455446,format_invalide,Numero nettoye non conforme au format attendu pour le pays
1741,Granit Transports SAS,LU,LU,LU9750747J,LU9750747J,format_invalide,Numero nettoye non conforme au format attendu pour le pays
1747,Lumen Materials NV,LU,LU,LU3839357M,LU3839357M,format_invalide,Numero nettoye non conforme au format attendu pour le pays
1749,Baltic Logistics Oy,DK,DK,DK4649521,DK4649521,format_invalide,Numero nettoye non conforme au format attendu pour le pays
1750,Papyrus Services GmbH,PL,PL,8733753308,8733753308,format_invalide,Numero nettoye non conforme au format attendu pour le pays
1752,Azur Distribution NV,DK,DK,DK8204422,DK8204422,format_invalide,Numero nettoye non conforme au format attendu pour le pays
1756,Nord Materials SpA,PL,PL,PL2869O37371,PL2869O37371,format_invalide,Numero nettoye non conforme au format attendu pour le pays
1761,Textil Services SpA,LU,LU,LU3066858,LU3066858,format_invalide,Numero nettoye non conforme au format attendu pour le pays
1778,Granit Distribution NV,GB,GB,GB980129011601,GB980129011601,pays_hors_perimetre_vies,Pays present dans le fichier mais hors Union europeenne
1779,Granit Foods NV,ZZ,ZZ,ZZ24475298,ZZ24475298,pays_hors_referentiel_ue,Code pays absent du referentiel UE local
1795,Lumen Distribution BV,SE,SE,SE93783109740,SE93783109740,format_invalide,Numero nettoye non conforme au format attendu pour le pays
1797,Lumen Consulting A/S,ZZ,ZZ,ZZ14820344068,ZZ14820344068,pays_hors_referentiel_ue,Code pays absent du referentiel UE local
1800,Prima Services SpA,LU,LU,LU1346822,LU1346822,format_invalide,Numero nettoye non conforme au format attendu pour le pays
1804,Cobalt Distribution SAS,XX,XX,XX08310629,XX08310629,pays_hors_referentiel_ue,Code pays absent du referentiel UE local
1807,Hanse Trading SAS,GB,GB,GB746854037701,GB746854037701,pays_hors_perimetre_vies,Pays present dans le fichier mais hors Union europeenne
1811,Ardent Consulting Oy,DK,DK,74447546,74447546,format_invalide,Numero nettoye non conforme au format attendu pour le pays
1821,Ardent Trading SARL,BE,BE,BE-G809488280,BEG809488280,format_invalide,Numero nettoye non conforme au format attendu pour le pays
1823,Alpine Trading GmbH,LU,LU,LUJ9753912,LUJ9753912,format_invalide,Numero nettoye non conforme au format attendu pour le pays
1831,Textil Distribution SAS,PT,PT,PT3H4898413,PT3H4898413,format_invalide,Numero nettoye non conforme au format attendu pour le pays
1835,Papyrus Logistics Lda,FR,FR,FR1939712660,FR1939712660,format_invalide,Numero nettoye non conforme au format attendu pour le pays
1836,Alpine Materials SAS,GB,GB,GB497087595301,GB497087595301,pays_hors_perimetre_vies,Pays present dans le fichier mais hors Union europeenne
1839,Lumen Services NV,DK,DK,,,numero_tva_absent,Numero TVA absent
1841,Global Services A/S,ZZ,ZZ,ZZ8434709334,ZZ8434709334,pays_hors_referentiel_ue,Code pays absent du referentiel UE local
1842,Atlantic Logistics SARL,BE,BE,BE08103745O3,BE08103745O3,format_invalide,Numero nettoye non conforme au format attendu pour le pays
1845,Batavia Industries SpA,PL,PL,4391418928,4391418928,format_invalide,Numero nettoye non conforme au format attendu pour le pays
1849,Fabrica Logistics NV,BE,BE,BE055004918,BE055004918,format_invalide,Numero nettoye non conforme au format attendu pour le pays
1857,Nord Materials Sp. z o.o.,PL,PL,5944706126,5944706126,format_invalide,Numero nettoye non conforme au format attendu pour le pays
1859,Alpine Foods SAS,NL,NL,952520540B31,952520540B31,format_invalide,Numero nettoye non conforme au format attendu pour le pays
1861,Delta Foods SAS,NL,NL,NL649966880B257,NL649966880B257,format_invalide,Numero nettoye non conforme au format attendu pour le pays
1862,Granit Consulting A/S,NL,NL,NL294772698B657,NL294772698B657,format_invalide,Numero nettoye non conforme au format attendu pour le pays
1863,Verso Materials SpA,IT,IT,IT0641737368,IT0641737368,format_invalide,Numero nettoye non conforme au format attendu pour le pays
1864,Meridian Industries NV,UK,UK,UK17308064,UK17308064,pays_hors_perimetre_vies,Pays present dans le fichier mais hors Union europeenne
1867,Textil Materials BV,BE,BE,BE059122578,BE059122578,format_invalide,Numero nettoye non conforme au format attendu pour le pays
1870,Lumen Materials A/S,DK,DK,DK695662788,DK695662788,format_invalide,Numero nettoye non conforme au format attendu pour le pays
1871,Lumen Distribution SpA,ZZ,ZZ,ZZ296331606801,ZZ296331606801,pays_hors_referentiel_ue,Code pays absent du referentiel UE local
1877,Vertex Logistics SAS,SE,SE,SE319O25045901,SE319O25045901,format_invalide,Numero nettoye non conforme au format attendu pour le pays
1889,Global Industries SpA,SE,SE, ,,numero_tva_absent,Numero TVA absent
1890,Solaris Foods BV,QQ,QQ,QQ23094561505,QQ23094561505,pays_hors_referentiel_ue,Code pays absent du referentiel UE local
1891,Granit Consulting GmbH,BE,BE,,,numero_tva_absent,Numero TVA absent
1892,Papyrus Consulting SpA,DK,DK,80458347,80458347,format_invalide,Numero nettoye non conforme au format attendu pour le pays
1894,Prima Services SARL,GB,GB,GB844973140801,GB844973140801,pays_hors_perimetre_vies,Pays present dans le fichier mais hors Union europeenne
1897,Batavia Industries A/S,FI,FI,23692353,23692353,format_invalide,Numero nettoye non conforme au format attendu pour le pays
1898,Verso Distribution SARL,BE,BE,BE1K16073970,BE1K16073970,format_invalide,Numero nettoye non conforme au format attendu pour le pays
1909,Global Transports Lda,IT,IT,IT0954970174,IT0954970174,format_invalide,Numero nettoye non conforme au format attendu pour le pays
1919,Solaris Distribution BV,PT,PT,624055280,624055280,format_invalide,Numero nettoye non conforme au format attendu pour le pays
1930,Verso Distribution Sp. z o.o.,GB,GB,GB049267280B58,GB049267280B58,pays_hors_perimetre_vies,Pays present dans le fichier mais hors Union europeenne
1931,Batavia Trading Lda,LU,LU,LU9622740,LU9622740,format_invalide,Numero nettoye non conforme au format attendu pour le pays
1935,Kappa Materials SpA,FI,FI,FI752183K2,FI752183K2,format_invalide,Numero nettoye non conforme au format attendu pour le pays
1937,Alpine Services NV,LU,LU,56409513,56409513,format_invalide,Numero nettoye non conforme au format attendu pour le pays
1938,Meridian Services GmbH,BE,BE,0797739480,0797739480,format_invalide,Numero nettoye non conforme au format attendu pour le pays
1952,Hanse Transports Lda,IT,IT,15330397652,15330397652,format_invalide,Numero nettoye non conforme au format attendu pour le pays
1953,Vertex Technologies SpA,SE,SE,923458373101,923458373101,format_invalide,Numero nettoye non conforme au format attendu pour le pays
1957,Verso Services SAS,PT,PT,PT775G98510,PT775G98510,format_invalide,Numero nettoye non conforme au format attendu pour le pays
1965,Batavia Logistics A/S,FR,FR,FR7781888908,FR7781888908,format_invalide,Numero nettoye non conforme au format attendu pour le pays
1974,Nord Industries SARL,PT,PT,PT87385254,PT87385254,format_invalide,Numero nettoye non conforme au format attendu pour le pays
1976,Ardent Distribution SA,LU,LU,79425519,79425519,format_invalide,Numero nettoye non conforme au format attendu pour le pays
1982,Azur Consulting SA,SE,SE,736880434501,736880434501,format_invalide,Numero nettoye non conforme au format attendu pour le pays
1994,Metallo Materials A/S,NL,NL,551680994B94,551680994B94,format_invalide,Numero nettoye non conforme au format attendu pour le pays
1995,Ardent Transports SpA,PT,PT,-,,numero_tva_absent,Numero TVA absent
1996,Hanse Foods SA,PL,PL,-,,numero_tva_absent,Numero TVA absent
1999,Delta Foods SpA,LU,LU,LU85873H64,LU85873H64,format_invalide,Numero nettoye non conforme au format attendu pour le pays
2007,Lusitania Technologies Oy,PL,PL,1636555155,1636555155,format_invalide,Numero nettoye non conforme au format attendu pour le pays
2008,Textil Materials NV,QQ,QQ,QQ931339431B48,QQ931339431B48,pays_hors_referentiel_ue,Code pays absent du referentiel UE local
2010,Prima Industries BV,FI,FI,FI4012392,FI4012392,format_invalide,Numero nettoye non conforme au format attendu pour le pays
2014,Lumen Distribution GmbH,DK,DK,DKM3508174,DKM3508174,format_invalide,Numero nettoye non conforme au format attendu pour le pays
2022,Vela Materials SAS,UK,UK,UK26062918,UK26062918,pays_hors_perimetre_vies,Pays present dans le fichier mais hors Union europeenne
2023,Hanse Industries Sp. z o.o.,PL,PL, ,,numero_tva_absent,Numero TVA absent
2024,Lumen Distribution GmbH,DK,DK,DK7772276,DK7772276,format_invalide,Numero nettoye non conforme au format attendu pour le pays
2027,Corvus Transports A/S,DK,DK,81424306,81424306,format_invalide,Numero nettoye non conforme au format attendu pour le pays
2031,Metallo Transports NV,IT,IT,IT6474504222H,IT6474504222H,format_invalide,Numero nettoye non conforme au format attendu pour le pays
2033,Cobalt Materials BV,FR,FR,54104722863,54104722863,format_invalide,Numero nettoye non conforme au format attendu pour le pays
2040,Cobalt Industries SA,SE,SE,717848736401,717848736401,format_invalide,Numero nettoye non conforme au format attendu pour le pays
2041,Alpine Industries Sp. z o.o.,FI,FI,FI5545651,FI5545651,format_invalide,Numero nettoye non conforme au format attendu pour le pays
2042,Alpine Logistics BV,DK,DK,DK8J989606,DK8J989606,format_invalide,Numero nettoye non conforme au format attendu pour le pays
2046,Papyrus Materials AB,UK,UK,UK40078988,UK40078988,pays_hors_perimetre_vies,Pays present dans le fichier mais hors Union europeenne
2052,Corvus Industries Sp. z o.o.,PT,PT,null,NULL,numero_tva_absent,Numero TVA absent
2055,Azur Technologies GmbH,ZZ,ZZ,ZZ040422849601,ZZ040422849601,pays_hors_referentiel_ue,Code pays absent du referentiel UE local
2066,Prima Services SA,BE,BE,BE010714600,BE010714600,format_invalide,Numero nettoye non conforme au format attendu pour le pays
2074,Papyrus Technologies Oy,FI,FI,95857399,95857399,format_invalide,Numero nettoye non conforme au format attendu pour le pays
2080,Ardent Distribution SAS,BE,BE,BE178193087,BE178193087,format_invalide,Numero nettoye non conforme au format attendu pour le pays
2081,Orion Foods A/S,ZZ,ZZ,ZZ839798156,ZZ839798156,pays_hors_referentiel_ue,Code pays absent du referentiel UE local
2084,Lumen Services A/S,NL,NL,934565053B23,934565053B23,format_invalide,Numero nettoye non conforme au format attendu pour le pays
2086,Prima Services BV,FI,FI,FI086259101,FI086259101,format_invalide,Numero nettoye non conforme au format attendu pour le pays
2088,Corvus Services Sp. z o.o.,FI,FI,-,,numero_tva_absent,Numero TVA absent
2089,Solaris Industries AB,FI,FI,FI969714J2,FI969714J2,format_invalide,Numero nettoye non conforme au format attendu pour le pays
2091,Vertex Technologies Sp. z o.o.,QQ,QQ,QQ79816336063,QQ79816336063,pays_hors_referentiel_ue,Code pays absent du referentiel UE local
2092,Batavia Foods A/S,PL,PL,3406382189,3406382189,format_invalide,Numero nettoye non conforme au format attendu pour le pays
2094,Solaris Trading NV,DK,DK,DK077443155,DK077443155,format_invalide,Numero nettoye non conforme au format attendu pour le pays
2095,Azur Trading SA,QQ,QQ,QQ619109397B49,QQ619109397B49,pays_hors_referentiel_ue,Code pays absent du referentiel UE local
2104,Baltic Consulting Sp. z o.o.,FI,FI,FI 7368 1H47,FI73681H47,format_invalide,Numero nettoye non conforme au format attendu pour le pays
2105,Vela Logistics Oy,FR,FR,FR2317H843425,FR2317H843425,format_invalide,Numero nettoye non conforme au format attendu pour le pays
2114,Vertex Foods SA,PT,PT,PT48318957,PT48318957,format_invalide,Numero nettoye non conforme au format attendu pour le pays
2115,Orion Technologies AB,XX,XX,XX809724844B56,XX809724844B56,pays_hors_referentiel_ue,Code pays absent du referentiel UE local
2117,Orion Logistics Lda,LU,LU,N/A,NA,numero_tva_absent,Numero TVA absent
2118,Kappa Consulting GmbH,QQ,QQ,QQ4683394270,QQ4683394270,pays_hors_referentiel_ue,Code pays absent du referentiel UE local
2121,Papyrus Trading GmbH,QQ,QQ,QQ91262107930,QQ91262107930,pays_hors_referentiel_ue,Code pays absent du referentiel UE local
2122,Azur Technologies SAS,QQ,QQ,QQ01161079037,QQ01161079037,pays_hors_referentiel_ue,Code pays absent du referentiel UE local
2124,Verso Industries BV,UK,UK,UK990760790B25,UK990760790B25,pays_hors_perimetre_vies,Pays present dans le fichier mais hors Union europeenne
2128,Cobalt Services NV,PT,PT,PT3421635588,PT3421635588,format_invalide,Numero nettoye non conforme au format attendu pour le pays
2130,Alpine Industries AB,SE,SE,SE8739106G5601,SE8739106G5601,format_invalide,Numero nettoye non conforme au format attendu pour le pays
2132,Orion Foods SA,PT,PT,PT91441936,PT91441936,format_invalide,Numero nettoye non conforme au format attendu pour le pays
2133,Baltic Technologies SA,IT,IT,IT8H083802929,IT8H083802929,format_invalide,Numero nettoye non conforme au format attendu pour le pays
2134,Baltic Materials A/S,PL,PL,PL57478713354,PL57478713354,format_invalide,Numero nettoye non conforme au format attendu pour le pays
2138,Metallo Trading NV,SE,SE,SE76142587000,SE76142587000,format_invalide,Numero nettoye non conforme au format attendu pour le pays
2139,Alpine Materials SAS,LU,LU,LU1126658,LU1126658,format_invalide,Numero nettoye non conforme au format attendu pour le pays
2140,Cobalt Trading SA,DK,DK,DK04J04799,DK04J04799,format_invalide,Numero nettoye non conforme au format attendu pour le pays
2141,Fabrica Transports GmbH,LU,LU,N/A,NA,numero_tva_absent,Numero TVA absent
2142,Lusitania Consulting A/S,GB,GB,GB19299387463,GB19299387463,pays_hors_perimetre_vies,Pays present dans le fichier mais hors Union europeenne
2143,Orion Technologies SAS,XX,XX,XX0805531055,XX0805531055,pays_hors_referentiel_ue,Code pays absent du referentiel UE local
2144,Atlantic Logistics NV,IT,IT,IT4122367499G,IT4122367499G,format_invalide,Numero nettoye non conforme au format attendu pour le pays
2146,Alpine Services Lda,BE,BE,BE02M5744840,BE02M5744840,format_invalide,Numero nettoye non conforme au format attendu pour le pays
2152,Metallo Consulting NV,BE,BE,BE15394940272,BE15394940272,format_invalide,Numero nettoye non conforme au format attendu pour le pays
2153,Nord Services SARL,LU,LU,LU-431M9073,LU431M9073,format_invalide,Numero nettoye non conforme au format attendu pour le pays
2154,Prima Foods Oy,PL,PL,PLM317312885,PLM317312885,format_invalide,Numero nettoye non conforme au format attendu pour le pays
2155,Ardent Trading Oy,NL,NL,582163596B54,582163596B54,format_invalide,Numero nettoye non conforme au format attendu pour le pays
2158,Meridian Trading A/S,FI,FI,FI901845275,FI901845275,format_invalide,Numero nettoye non conforme au format attendu pour le pays
2162,Global Industries BV,NL,NL,NL784503916B1O,NL784503916B1O,format_invalide,Numero nettoye non conforme au format attendu pour le pays
2163,Hanse Materials Sp. z o.o.,BE,BE,-,,numero_tva_absent,Numero TVA absent
2166,Lumen Industries BV,PT,PT,PT758G17814,PT758G17814,format_invalide,Numero nettoye non conforme au format attendu pour le pays
2169,Baltic Logistics NV,PT,PT,PT85G486044,PT85G486044,format_invalide,Numero nettoye non conforme au format attendu pour le pays
2172,Vertex Distribution NV,DK,DK,DK4560340,DK4560340,format_invalide,Numero nettoye non conforme au format attendu pour le pays
2173,Papyrus Logistics Oy,NL,NL,NL281116611B5,NL281116611B5,format_invalide,Numero nettoye non conforme au format attendu pour le pays
2174,Textil Distribution SpA,FI,FI,FI3J458334,FI3J458334,format_invalide,Numero nettoye non conforme au format attendu pour le pays
2175,Kappa Services NV,PT,PT,,,numero_tva_absent,Numero TVA absent
2176,Lumen Trading SARL,IT,IT,IT985022768700,IT985022768700,format_invalide,Numero nettoye non conforme au format attendu pour le pays
2181,Delta Distribution SAS,NL,NL,-,,numero_tva_absent,Numero TVA absent
2194,Kappa Services A/S,PT,PT,243812400,243812400,format_invalide,Numero nettoye non conforme au format attendu pour le pays
2195,Fabrica Materials Sp. z o.o.,FR,FR,40656733724,40656733724,format_invalide,Numero nettoye non conforme au format attendu pour le pays
2199,Solaris Foods SA,SE,SE,543123001901,543123001901,format_invalide,Numero nettoye non conforme au format attendu pour le pays
2201,Metallo Foods Sp. z o.o.,XX,XX,XX82719630,XX82719630,pays_hors_referentiel_ue,Code pays absent du referentiel UE local
2212,Prima Industries SA,XX,XX,XX38780292,XX38780292,pays_hors_referentiel_ue,Code pays absent du referentiel UE local
2218,Ardent Materials Sp. z o.o.,GB,GB,GB15435701907,GB15435701907,pays_hors_perimetre_vies,Pays present dans le fichier mais hors Union europeenne
2219,Corvus Transports SpA,FR,FR,FR6952125O739,FR6952125O739,format_invalide,Numero nettoye non conforme au format attendu pour le pays
2220,Azur Services A/S,NL,NL,NL9316638G9B95,NL9316638G9B95,format_invalide,Numero nettoye non conforme au format attendu pour le pays
2221,Vela Distribution AB,NL,NL,348934312B43,348934312B43,format_invalide,Numero nettoye non conforme au format attendu pour le pays
2222,Lumen Distribution SpA,ZZ,ZZ,  ZZ296331606801 ,ZZ296331606801,pays_hors_referentiel_ue,Code pays absent du referentiel UE local
2224,Ardent Foods SA,LU,LU,19466926,19466926,format_invalide,Numero nettoye non conforme au format attendu pour le pays
2227,Ardent Trading SAS,UK,UK,UK6482117429,UK6482117429,pays_hors_perimetre_vies,Pays present dans le fichier mais hors Union europeenne
2231,Lusitania Industries Lda,FI,FI,FI1M114823,FI1M114823,format_invalide,Numero nettoye non conforme au format attendu pour le pays
2236,Kappa Industries AB,IT,IT,14357016063,14357016063,format_invalide,Numero nettoye non conforme au format attendu pour le pays
2239,Solaris Services Sp. z o.o.,SE,SE,520566256101,520566256101,format_invalide,Numero nettoye non conforme au format attendu pour le pays
2246,Lusitania Services Oy,IT,IT,74388980547,74388980547,format_invalide,Numero nettoye non conforme au format attendu pour le pays
2248,Batavia Foods SARL,FR,FR,FR1068235849,FR1068235849,format_invalide,Numero nettoye non conforme au format attendu pour le pays
2250,Lusitania Services Lda,FI,FI,04183924,04183924,format_invalide,Numero nettoye non conforme au format attendu pour le pays
2253,Verso Logistics SA,ZZ,ZZ,ZZ343505940B24,ZZ343505940B24,pays_hors_referentiel_ue,Code pays absent du referentiel UE local
2255,Alpine Services NV,LU,LU,56409513,56409513,format_invalide,Numero nettoye non conforme au format attendu pour le pays
2258,Batavia Transports SARL,PL,PL,PL597989190,PL597989190,format_invalide,Numero nettoye non conforme au format attendu pour le pays
2265,Kappa Transports Sp. z o.o.,IT,IT,ITJ5457240285,ITJ5457240285,format_invalide,Numero nettoye non conforme au format attendu pour le pays
2266,Ardent Technologies BV,DK,DK,DK9O540558,DK9O540558,format_invalide,Numero nettoye non conforme au format attendu pour le pays
2273,Orion Services BV,FR,FR,FR5129426357,FR5129426357,format_invalide,Numero nettoye non conforme au format attendu pour le pays
2277,Azur Services Lda,IT,IT,,,numero_tva_absent,Numero TVA absent
2280,Baltic Consulting SA,FI,FI,FI5299443,FI5299443,format_invalide,Numero nettoye non conforme au format attendu pour le pays
2286,Papyrus Trading SA,UK,UK,UK260038822,UK260038822,pays_hors_perimetre_vies,Pays present dans le fichier mais hors Union europeenne
2288,Corvus Services SpA,PT,PT,837065232,837065232,format_invalide,Numero nettoye non conforme au format attendu pour le pays
2302,Atlantic Industries NV,PL,PL,PL80282936707,PL80282936707,format_invalide,Numero nettoye non conforme au format attendu pour le pays
2310,Hanse Consulting GmbH,PL,PL,PL93406388292,PL93406388292,format_invalide,Numero nettoye non conforme au format attendu pour le pays
2319,Azur Industries AB,SE,SE,982375834801,982375834801,format_invalide,Numero nettoye non conforme au format attendu pour le pays
2320,Textil Materials Oy,PL,PL,PLK537863162,PLK537863162,format_invalide,Numero nettoye non conforme au format attendu pour le pays
2326,Azur Transports SpA,FR,FR,16159701545,16159701545,format_invalide,Numero nettoye non conforme au format attendu pour le pays
2329,Azur Trading Oy,LU,LU,null,NULL,numero_tva_absent,Numero TVA absent
2334,Azur Trading NV,IT,IT,IT3675329973,IT3675329973,format_invalide,Numero nettoye non conforme au format attendu pour le pays
2338,Global Materials Sp. z o.o.,PL,PL,PL785322399,PL785322399,format_invalide,Numero nettoye non conforme au format attendu pour le pays
2340,Cobalt Distribution AB,SE,SE,SE812921G94101,SE812921G94101,format_invalide,Numero nettoye non conforme au format attendu pour le pays
2341,Prima Trading AB,FI,FI,04151631,04151631,format_invalide,Numero nettoye non conforme au format attendu pour le pays
2343,Prima Technologies SARL,XX,XX,XX9102063701,XX9102063701,pays_hors_referentiel_ue,Code pays absent du referentiel UE local
2345,Meridian Trading SAS,PL,PL,PL172973802,PL172973802,format_invalide,Numero nettoye non conforme au format attendu pour le pays
2346,Orion Materials Oy,IT,IT,IT378065366541,IT378065366541,format_invalide,Numero nettoye non conforme au format attendu pour le pays
2348,Global Logistics Oy,PT,PT,PT3606414157,PT3606414157,format_invalide,Numero nettoye non conforme au format attendu pour le pays
2353,Fabrica Distribution Lda,NL,NL,759852923B27,759852923B27,format_invalide,Numero nettoye non conforme au format attendu pour le pays
2354,Hanse Transports BV,ZZ,ZZ,ZZ80620397020,ZZ80620397020,pays_hors_referentiel_ue,Code pays absent du referentiel UE local
2357,Granit Distribution SARL,FR,FR,00887025323,00887025323,format_invalide,Numero nettoye non conforme au format attendu pour le pays
2358,Metallo Services AB,BE,BE,BE151012806,BE151012806,format_invalide,Numero nettoye non conforme au format attendu pour le pays
2359,Cobalt Trading A/S,XX,XX,XX923899893B09,XX923899893B09,pays_hors_referentiel_ue,Code pays absent du referentiel UE local
2360,Atlantic Materials BV,IT,IT, ,,numero_tva_absent,Numero TVA absent
2363,Fabrica Services SpA,PL,PL,6372824485,6372824485,format_invalide,Numero nettoye non conforme au format attendu pour le pays
2364,Global Transports Lda,FR,FR,35181198853,35181198853,format_invalide,Numero nettoye non conforme au format attendu pour le pays
2365,Vela Materials SAS,UK,UK,UK26062918,UK26062918,pays_hors_perimetre_vies,Pays present dans le fichier mais hors Union europeenne
2368,Baltic Materials GmbH,IT,IT,-,,numero_tva_absent,Numero TVA absent
2369,Meridian Foods A/S,ZZ,ZZ,ZZ44955326,ZZ44955326,pays_hors_referentiel_ue,Code pays absent du referentiel UE local
2377,Alpine Transports Sp. z o.o.,PT,PT,PT62672393,PT62672393,format_invalide,Numero nettoye non conforme au format attendu pour le pays
2382,Azur Transports SA,LU,LU,LU2907043H,LU2907043H,format_invalide,Numero nettoye non conforme au format attendu pour le pays
2384,Fabrica Foods SARL,IT,IT,21926014123,21926014123,format_invalide,Numero nettoye non conforme au format attendu pour le pays
2393,Alpine Trading BV,FR,FR,FR921H9776283,FR921H9776283,format_invalide,Numero nettoye non conforme au format attendu pour le pays
2396,Corvus Trading GmbH,FI,FI,null,NULL,numero_tva_absent,Numero TVA absent
2397,Textil Technologies Oy,NL,NL,null,NULL,numero_tva_absent,Numero TVA absent
2410,Alpine Distribution Sp. z o.o.,PL,PL,PL69O7468519,PL69O7468519,format_invalide,Numero nettoye non conforme au format attendu pour le pays
2417,Ardent Consulting Oy,DK,DK,74.447546,74447546,format_invalide,Numero nettoye non conforme au format attendu pour le pays
2421,Verso Technologies Lda,FI,FI,FI3136389,FI3136389,format_invalide,Numero nettoye non conforme au format attendu pour le pays
2422,Cobalt Services GmbH,BE,BE,BE159761078,BE159761078,format_invalide,Numero nettoye non conforme au format attendu pour le pays
2430,Solaris Transports Sp. z o.o.,GB,GB,GB545311098,GB545311098,pays_hors_perimetre_vies,Pays present dans le fichier mais hors Union europeenne
2433,Papyrus Consulting A/S,FI,FI,88426750,88426750,format_invalide,Numero nettoye non conforme au format attendu pour le pays
2436,Atlantic Consulting SARL,UK,UK,UK02144408585,UK02144408585,pays_hors_perimetre_vies,Pays present dans le fichier mais hors Union europeenne
2439,Prima Consulting NV,DK,DK,DK806J7294,DK806J7294,format_invalide,Numero nettoye non conforme au format attendu pour le pays
2442,Meridian Industries SA,PT,PT,PT63848770O,PT63848770O,format_invalide,Numero nettoye non conforme au format attendu pour le pays
2444,Global Consulting BV,IT,IT,IT15890G03972,IT15890G03972,format_invalide,Numero nettoye non conforme au format attendu pour le pays
2452,Meridian Technologies BV,FR,FR,51573361387,51573361387,format_invalide,Numero nettoye non conforme au format attendu pour le pays
2453,Vela Industries NV,ZZ,ZZ,ZZ535748589B88,ZZ535748589B88,pays_hors_referentiel_ue,Code pays absent du referentiel UE local
2457,Granit Services GmbH,LU,LU,LU134849142,LU134849142,format_invalide,Numero nettoye non conforme au format attendu pour le pays
2459,Cobalt Distribution SA,QQ,QQ,QQ27152196005,QQ27152196005,pays_hors_referentiel_ue,Code pays absent du referentiel UE local
2461,Kappa Industries A/S,DK,DK,16120146,16120146,format_invalide,Numero nettoye non conforme au format attendu pour le pays
2463,Kappa Transports GmbH,GB,GB,GB1880105666,GB1880105666,pays_hors_perimetre_vies,Pays present dans le fichier mais hors Union europeenne
2464,Kappa Technologies SA,FR,FR,-,,numero_tva_absent,Numero TVA absent
2466,Ardent Transports Oy,BE,BE,BE16032279750,BE16032279750,format_invalide,Numero nettoye non conforme au format attendu pour le pays
2469,Lumen Distribution BV,LU,LU,,,numero_tva_absent,Numero TVA absent
2471,Orion Distribution Oy,BE,BE,,,numero_tva_absent,Numero TVA absent
2485,Nord Materials Oy,SE,SE,N/A,NA,numero_tva_absent,Numero TVA absent
2486,Hanse Transports AB,UK,UK,UK874345479B48,UK874345479B48,pays_hors_perimetre_vies,Pays present dans le fichier mais hors Union europeenne
2507,Metallo Consulting SAS,QQ,QQ,QQ24916456122,QQ24916456122,pays_hors_referentiel_ue,Code pays absent du referentiel UE local
2514,Batavia Foods AB,QQ,QQ,QQ48521213172,QQ48521213172,pays_hors_referentiel_ue,Code pays absent du referentiel UE local
2517,Alpine Trading SAS,PL,PL,PL20151639M0,PL20151639M0,format_invalide,Numero nettoye non conforme au format attendu pour le pays
2523,Papyrus Materials Sp. z o.o.,SE,SE,SE06411222130H,SE06411222130H,format_invalide,Numero nettoye non conforme au format attendu pour le pays
2526,Baltic Consulting SAS,ZZ,ZZ,ZZ560342250,ZZ560342250,pays_hors_referentiel_ue,Code pays absent du referentiel UE local
2527,Kappa Services A/S,LU,LU,LU4258244,LU4258244,format_invalide,Numero nettoye non conforme au format attendu pour le pays
2528,Corvus Industries GmbH,SE,SE,SE2109800652015,SE2109800652015,format_invalide,Numero nettoye non conforme au format attendu pour le pays
2535,Kappa Consulting SARL,NL,NL,950333372B35,950333372B35,format_invalide,Numero nettoye non conforme au format attendu pour le pays
2537,Nord Transports GmbH,DK,DK,38419609,38419609,format_invalide,Numero nettoye non conforme au format attendu pour le pays
2539,Metallo Industries SpA,LU,LU,21302851,21302851,format_invalide,Numero nettoye non conforme au format attendu pour le pays
2557,Vertex Technologies SpA,UK,UK,UK653229010001,UK653229010001,pays_hors_perimetre_vies,Pays present dans le fichier mais hors Union europeenne
2562,Nord Distribution SA,PT,PT,PT95G303577,PT95G303577,format_invalide,Numero nettoye non conforme au format attendu pour le pays
2566,Cobalt Foods AB,XX,XX,XX96514778349,XX96514778349,pays_hors_referentiel_ue,Code pays absent du referentiel UE local
2567,Delta Foods Sp. z o.o.,PT,PT,PT55G670886,PT55G670886,format_invalide,Numero nettoye non conforme au format attendu pour le pays
2568,Hanse Foods SAS,IT,IT,69346559581,69346559581,format_invalide,Numero nettoye non conforme au format attendu pour le pays
2571,Fabrica Transports SARL,SE,SE,SE182280O86001,SE182280O86001,format_invalide,Numero nettoye non conforme au format attendu pour le pays
2573,Hanse Materials SpA,PT,PT,PT57887337,PT57887337,format_invalide,Numero nettoye non conforme au format attendu pour le pays
2576,Nord Distribution Sp. z o.o.,IT,IT,IT999645109624,IT999645109624,format_invalide,Numero nettoye non conforme au format attendu pour le pays
2582,Vertex Materials GmbH,PT,PT,PT3589K2263,PT3589K2263,format_invalide,Numero nettoye non conforme au format attendu pour le pays
2588,Vertex Foods SA,PL,PL,PL189013617J,PL189013617J,format_invalide,Numero nettoye non conforme au format attendu pour le pays
2593,Ardent Materials GmbH,FI,FI,FI769559709,FI769559709,format_invalide,Numero nettoye non conforme au format attendu pour le pays
2594,Orion Services SAS,BE,BE,BE087018511,BE087018511,format_invalide,Numero nettoye non conforme au format attendu pour le pays
2595,Atlantic Consulting SpA,IT,IT,IT757930G3312,IT757930G3312,format_invalide,Numero nettoye non conforme au format attendu pour le pays
2599,Prima Consulting SAS,QQ,QQ,QQ0728156234,QQ0728156234,pays_hors_referentiel_ue,Code pays absent du referentiel UE local
2602,Lumen Foods NV,ZZ,ZZ,ZZ494801646,ZZ494801646,pays_hors_referentiel_ue,Code pays absent du referentiel UE local
2605,Delta Services A/S,FI,FI,,,numero_tva_absent,Numero TVA absent
2612,Nord Trading SpA,DK,DK,DK3534703,DK3534703,format_invalide,Numero nettoye non conforme au format attendu pour le pays
2620,Batavia Industries SA,DK,DK,86191792,86191792,format_invalide,Numero nettoye non conforme au format attendu pour le pays
2622,Ardent Consulting Sp. z o.o.,DK,DK,N/A,NA,numero_tva_absent,Numero TVA absent
2624,Delta Distribution BV,DK,DK,DK2341584,DK2341584,format_invalide,Numero nettoye non conforme au format attendu pour le pays
2628,Fabrica Services AB,NL,NL,580569925B77,580569925B77,format_invalide,Numero nettoye non conforme au format attendu pour le pays
2631,Azur Logistics SpA,BE,BE,1956065871,1956065871,format_invalide,Numero nettoye non conforme au format attendu pour le pays
2635,Prima Consulting BV,UK,UK,UK23435060951,UK23435060951,pays_hors_perimetre_vies,Pays present dans le fichier mais hors Union europeenne
2636,Ardent Logistics SpA,ZZ,ZZ,ZZ68153576659,ZZ68153576659,pays_hors_referentiel_ue,Code pays absent du referentiel UE local
2638,Nord Technologies AB,PL,PL,2714659700,2714659700,format_invalide,Numero nettoye non conforme au format attendu pour le pays
2639,Solaris Transports SA,FI,FI,N/A,NA,numero_tva_absent,Numero TVA absent
2641,Azur Technologies Lda,DK,DK,DK308942438,DK308942438,format_invalide,Numero nettoye non conforme au format attendu pour le pays
2644,Alpine Distribution Oy,PL,PL,PL86045086184,PL86045086184,format_invalide,Numero nettoye non conforme au format attendu pour le pays
2652,Verso Distribution BV,UK,UK,UK123298679,UK123298679,pays_hors_perimetre_vies,Pays present dans le fichier mais hors Union europeenne
2662,Delta Transports Lda,PT,PT,479254400,479254400,format_invalide,Numero nettoye non conforme au format attendu pour le pays
2664,Hanse Services SARL,NL,NL,NL798427851BM8,NL798427851BM8,format_invalide,Numero nettoye non conforme au format attendu pour le pays
2680,Granit Transports SAS,IT,IT,ITJ2911138543,ITJ2911138543,format_invalide,Numero nettoye non conforme au format attendu pour le pays
2682,Papyrus Foods Oy,SE,SE,SE7990864162018,SE7990864162018,format_invalide,Numero nettoye non conforme au format attendu pour le pays
2697,Corvus Services Sp. z o.o.,PL,PL,,,numero_tva_absent,Numero TVA absent
2704,Papyrus Distribution BV,IT,IT,67926799817,67926799817,format_invalide,Numero nettoye non conforme au format attendu pour le pays
2709,Kappa Trading Oy,ZZ,ZZ,ZZ62081439,ZZ62081439,pays_hors_referentiel_ue,Code pays absent du referentiel UE local
2711,Papyrus Industries AB,SE,SE,SE04146927980,SE04146927980,format_invalide,Numero nettoye non conforme au format attendu pour le pays
2712,Ardent Consulting Oy,SE,SE,SE6753784294016,SE6753784294016,format_invalide,Numero nettoye non conforme au format attendu pour le pays
2722,Azur Materials GmbH,FI,FI,N/A,NA,numero_tva_absent,Numero TVA absent
2723,Kappa Trading Oy,IT,IT,13381335069,13381335069,format_invalide,Numero nettoye non conforme au format attendu pour le pays
2727,Lusitania Trading Oy,SE,SE,SE23321151000,SE23321151000,format_invalide,Numero nettoye non conforme au format attendu pour le pays
2728,Kappa Distribution AB,BE,BE,BE08H1702659,BE08H1702659,format_invalide,Numero nettoye non conforme au format attendu pour le pays
2735,Ardent Distribution SA,LU,LU,  79425519 ,79425519,format_invalide,Numero nettoye non conforme au format attendu pour le pays
2736,Fabrica Services Sp. z o.o.,SE,SE,SE46075813210,SE46075813210,format_invalide,Numero nettoye non conforme au format attendu pour le pays
2739,Global Materials Oy,UK,UK,UK6517011026,UK6517011026,pays_hors_perimetre_vies,Pays present dans le fichier mais hors Union europeenne
2748,Solaris Logistics SA,QQ,QQ,QQ0292731548,QQ0292731548,pays_hors_referentiel_ue,Code pays absent du referentiel UE local
2749,Kappa Industries Oy,LU,LU,LU8205112,LU8205112,format_invalide,Numero nettoye non conforme au format attendu pour le pays
2751,Nord Materials SAS,IT,IT,42089809232,42089809232,format_invalide,Numero nettoye non conforme au format attendu pour le pays
2755,Hanse Services SAS,DK,DK,DK459800656,DK459800656,format_invalide,Numero nettoye non conforme au format attendu pour le pays
2756,Granit Technologies BV,LU,LU,LU730155881,LU730155881,format_invalide,Numero nettoye non conforme au format attendu pour le pays
2760,Vertex Foods SA,PL,PL,PL.189013617J,PL189013617J,format_invalide,Numero nettoye non conforme au format attendu pour le pays
2761,Delta Transports Sp. z o.o.,PT,PT,PT3684481184,PT3684481184,format_invalide,Numero nettoye non conforme au format attendu pour le pays
2764,Granit Industries BV,PL,PL,8567533638,8567533638,format_invalide,Numero nettoye non conforme au format attendu pour le pays
2779,Corvus Consulting SAS,PT,PT,PT35991875,PT35991875,format_invalide,Numero nettoye non conforme au format attendu pour le pays
2788,Delta Technologies A/S,DK,DK,42572837,42572837,format_invalide,Numero nettoye non conforme au format attendu pour le pays
2793,Hanse Technologies Sp. z o.o.,GB,GB,GB90459449,GB90459449,pays_hors_perimetre_vies,Pays present dans le fichier mais hors Union europeenne
2803,Hanse Transports SA,FI,FI,70993263,70993263,format_invalide,Numero nettoye non conforme au format attendu pour le pays
2805,Corvus Industries SAS,NL,NL,NL34H941784B72,NL34H941784B72,format_invalide,Numero nettoye non conforme au format attendu pour le pays
2807,Atlantic Logistics GmbH,IT,IT,IT57589J66448,IT57589J66448,format_invalide,Numero nettoye non conforme au format attendu pour le pays
2808,Vela Technologies SpA,SE,SE,SE5178934542012,SE5178934542012,format_invalide,Numero nettoye non conforme au format attendu pour le pays
2810,Baltic Technologies SAS,QQ,QQ,QQ1106493647,QQ1106493647,pays_hors_referentiel_ue,Code pays absent du referentiel UE local
2820,Corvus Trading Lda,IT,IT, ,,numero_tva_absent,Numero TVA absent
2821,Textil Services SARL,ZZ,ZZ,ZZ40038260,ZZ40038260,pays_hors_referentiel_ue,Code pays absent du referentiel UE local
2823,Corvus Distribution GmbH,DK,DK,DK280647485,DK280647485,format_invalide,Numero nettoye non conforme au format attendu pour le pays
2832,Granit Foods Lda,IT,IT,IT2855815656,IT2855815656,format_invalide,Numero nettoye non conforme au format attendu pour le pays
2833,Batavia Transports SARL,BE,BE,BE127393861,BE127393861,format_invalide,Numero nettoye non conforme au format attendu pour le pays
2838,Textil Industries NV,LU,LU,LU891872032,LU891872032,format_invalide,Numero nettoye non conforme au format attendu pour le pays
2840,Papyrus Trading Oy,SE,SE,669410702701,669410702701,format_invalide,Numero nettoye non conforme au format attendu pour le pays
2841,Azur Consulting GmbH,BE,BE,BE0815J27993,BE0815J27993,format_invalide,Numero nettoye non conforme au format attendu pour le pays
2843,Hanse Foods SA,PL,PL,-,,numero_tva_absent,Numero TVA absent
2844,Hanse Industries SpA,NL,NL,NL587305824B496,NL587305824B496,format_invalide,Numero nettoye non conforme au format attendu pour le pays
2845,Azur Transports GmbH,XX,XX,XX7759034847,XX7759034847,pays_hors_referentiel_ue,Code pays absent du referentiel UE local
2846,Ardent Consulting Oy,ZZ,ZZ,ZZ60019649,ZZ60019649,pays_hors_referentiel_ue,Code pays absent du referentiel UE local
2857,Vertex Foods Sp. z o.o.,GB,GB,GB53932978,GB53932978,pays_hors_perimetre_vies,Pays present dans le fichier mais hors Union europeenne
2863,Vertex Materials SpA,SE,SE,SE620599558K01,SE620599558K01,format_invalide,Numero nettoye non conforme au format attendu pour le pays
2876,Verso Transports NV,NL,NL,null,NULL,numero_tva_absent,Numero TVA absent
2877,Cobalt Materials AB,FI,FI,N/A,NA,numero_tva_absent,Numero TVA absent
2883,Corvus Materials Oy,NL,NL,NL559676451B548,NL559676451B548,format_invalide,Numero nettoye non conforme au format attendu pour le pays
2887,Batavia Logistics GmbH,NL,NL, ,,numero_tva_absent,Numero TVA absent
2891,Corvus Foods Oy,FR,FR,FR8588872747,FR8588872747,format_invalide,Numero nettoye non conforme au format attendu pour le pays
2895,Metallo Consulting Sp. z o.o.,PT,PT, ,,numero_tva_absent,Numero TVA absent
2901,Azur Services Sp. z o.o.,UK,UK,UK0310169673,UK0310169673,pays_hors_perimetre_vies,Pays present dans le fichier mais hors Union europeenne
2903,Corvus Trading SAS,LU,LU,32115139,32115139,format_invalide,Numero nettoye non conforme au format attendu pour le pays
2905,Lusitania Transports Sp. z o.o.,PL,PL,7581419565,7581419565,format_invalide,Numero nettoye non conforme au format attendu pour le pays
2909,Solaris Trading NV,DK,DK,  DK077443155 ,DK077443155,format_invalide,Numero nettoye non conforme au format attendu pour le pays
2911,Kappa Industries Lda,IT,IT,IT502663604403,IT502663604403,format_invalide,Numero nettoye non conforme au format attendu pour le pays
2912,Metallo Technologies Oy,SE,SE,SEO63171757201,SEO63171757201,format_invalide,Numero nettoye non conforme au format attendu pour le pays
2916,Hanse Industries Oy,LU,LU,LU9758757,LU9758757,format_invalide,Numero nettoye non conforme au format attendu pour le pays
2918,Vela Technologies NV,PT,PT,427746060,427746060,format_invalide,Numero nettoye non conforme au format attendu pour le pays
2920,Corvus Services NV,IT,IT,IT302455851768,IT302455851768,format_invalide,Numero nettoye non conforme au format attendu pour le pays
2923,Atlantic Distribution Oy,LU,LU,LU205O3477,LU205O3477,format_invalide,Numero nettoye non conforme au format attendu pour le pays
2927,Delta Consulting Lda,UK,UK,UK69815421,UK69815421,pays_hors_perimetre_vies,Pays present dans le fichier mais hors Union europeenne
2932,Metallo Technologies GmbH,FR,FR,53548677830,53548677830,format_invalide,Numero nettoye non conforme au format attendu pour le pays
2934,Atlantic Foods Lda,DK,DK,24833550,24833550,format_invalide,Numero nettoye non conforme au format attendu pour le pays
2936,Lumen Distribution A/S,FI,FI,FI4715363,FI4715363,format_invalide,Numero nettoye non conforme au format attendu pour le pays
2937,Corvus Foods SA,QQ,QQ,QQ046529644001,QQ046529644001,pays_hors_referentiel_ue,Code pays absent du referentiel UE local
2941,Papyrus Materials AB,NL,NL,618854484B06,618854484B06,format_invalide,Numero nettoye non conforme au format attendu pour le pays
2944,Metallo Technologies SpA,FR,FR,29477911860,29477911860,format_invalide,Numero nettoye non conforme au format attendu pour le pays
2946,Solaris Technologies Lda,GB,GB,GB199337926,GB199337926,pays_hors_perimetre_vies,Pays present dans le fichier mais hors Union europeenne
2949,Global Services Oy,PT,PT,521289548,521289548,format_invalide,Numero nettoye non conforme au format attendu pour le pays
2950,Vela Foods SAS,FI,FI,FI619273G2,FI619273G2,format_invalide,Numero nettoye non conforme au format attendu pour le pays
2953,Vela Services Oy,NL,NL,NL88559937OB16,NL88559937OB16,format_invalide,Numero nettoye non conforme au format attendu pour le pays
2962,Meridian Industries NV,PL,PL,PL870679096,PL870679096,format_invalide,Numero nettoye non conforme au format attendu pour le pays
2966,Global Materials Oy,FI,FI,FI793780727,FI793780727,format_invalide,Numero nettoye non conforme au format attendu pour le pays
2972,Textil Distribution BV,BE,BE,1805072010,1805072010,format_invalide,Numero nettoye non conforme au format attendu pour le pays
2974,Textil Technologies A/S,FR,FR,72706728634,72706728634,format_invalide,Numero nettoye non conforme au format attendu pour le pays
2978,Metallo Technologies SA,SE,SE,N/A,NA,numero_tva_absent,Numero TVA absent
2979,Ardent Logistics Lda,SE,SE,951527278001,951527278001,format_invalide,Numero nettoye non conforme au format attendu pour le pays
2992,Lusitania Industries SA,SE,SE,SE623305221K01,SE623305221K01,format_invalide,Numero nettoye non conforme au format attendu pour le pays
2998,Hanse Materials Oy,FR,FR,FR207616930206,FR207616930206,format_invalide,Numero nettoye non conforme au format attendu pour le pays
3001,Meridian Technologies BV,DK,DK,DK4989701,DK4989701,format_invalide,Numero nettoye non conforme au format attendu pour le pays
3003,Cobalt Transports SA,PL,PL,1151018694,1151018694,format_invalide,Numero nettoye non conforme au format attendu pour le pays
3006,Textil Foods BV,QQ,QQ,QQ851350215B93,QQ851350215B93,pays_hors_referentiel_ue,Code pays absent du referentiel UE local
3009,Alpine Foods SARL,DK,DK,38811916,38811916,format_invalide,Numero nettoye non conforme au format attendu pour le pays
3014,Lumen Consulting SAS,UK,UK,UK89976817315,UK89976817315,pays_hors_perimetre_vies,Pays present dans le fichier mais hors Union europeenne
3017,Vertex Services SAS,PL,PL,PL758746772,PL758746772,format_invalide,Numero nettoye non conforme au format attendu pour le pays
3022,Lusitania Trading SAS,FR,FR,FR823757212460,FR823757212460,format_invalide,Numero nettoye non conforme au format attendu pour le pays
3026,Granit Foods SA,ZZ,ZZ,ZZ636552918,ZZ636552918,pays_hors_referentiel_ue,Code pays absent du referentiel UE local
3028,Baltic Technologies Sp. z o.o.,QQ,QQ,QQ5210064291,QQ5210064291,pays_hors_referentiel_ue,Code pays absent du referentiel UE local
3038,Lumen Foods SAS,PL,PL,PL67737770473,PL67737770473,format_invalide,Numero nettoye non conforme au format attendu pour le pays
3048,Nord Distribution BV,BE,BE,0174275445,0174275445,format_invalide,Numero nettoye non conforme au format attendu pour le pays
3050,Granit Services A/S,SE,SE,905476782801,905476782801,format_invalide,Numero nettoye non conforme au format attendu pour le pays
3058,Fabrica Services BV,PL,PL,5271893805,5271893805,format_invalide,Numero nettoye non conforme au format attendu pour le pays
3064,Hanse Logistics SAS,PL,PL,5183033115,5183033115,format_invalide,Numero nettoye non conforme au format attendu pour le pays
3070,Solaris Logistics GmbH,PL,PL,8832446265,8832446265,format_invalide,Numero nettoye non conforme au format attendu pour le pays
3073,Vertex Trading SpA,FI,FI,FI3599314,FI3599314,format_invalide,Numero nettoye non conforme au format attendu pour le pays
3075,Vertex Logistics GmbH,ZZ,ZZ,ZZ0436079435,ZZ0436079435,pays_hors_referentiel_ue,Code pays absent du referentiel UE local
3078,Batavia Materials Sp. z o.o.,IT,IT,IT7376927899,IT7376927899,format_invalide,Numero nettoye non conforme au format attendu pour le pays
3080,Lusitania Technologies Lda,PL,PL,7134404185,7134404185,format_invalide,Numero nettoye non conforme au format attendu pour le pays
3089,Orion Distribution BV,QQ,QQ,QQ40278153685,QQ40278153685,pays_hors_referentiel_ue,Code pays absent du referentiel UE local
3090,Granit Services AB,FR,FR,FR872670233716,FR872670233716,format_invalide,Numero nettoye non conforme au format attendu pour le pays
3093,Corvus Materials A/S,FR,FR,FR6657O710355,FR6657O710355,format_invalide,Numero nettoye non conforme au format attendu pour le pays
3096,Kappa Consulting BV,SE,SE, ,,numero_tva_absent,Numero TVA absent
3097,Lusitania Distribution NV,FR,FR,FR263001806028,FR263001806028,format_invalide,Numero nettoye non conforme au format attendu pour le pays
3098,Kappa Materials Lda,QQ,QQ,QQ55309779,QQ55309779,pays_hors_referentiel_ue,Code pays absent du referentiel UE local
3102,Baltic Trading SARL,SE,SE,881368309401,881368309401,format_invalide,Numero nettoye non conforme au format attendu pour le pays
3117,Granit Services Oy,IT,IT,IT2941083710,IT2941083710,format_invalide,Numero nettoye non conforme au format attendu pour le pays
3121,Verso Transports GmbH,ZZ,ZZ,ZZ048092526B87,ZZ048092526B87,pays_hors_referentiel_ue,Code pays absent du referentiel UE local
3126,Fabrica Logistics SA,NL,NL,NL7821006J2B96,NL7821006J2B96,format_invalide,Numero nettoye non conforme au format attendu pour le pays
3128,Orion Industries GmbH,PT,PT,PT2468924204,PT2468924204,format_invalide,Numero nettoye non conforme au format attendu pour le pays
3133,Meridian Trading BV,FI,FI,FI0784814,FI0784814,format_invalide,Numero nettoye non conforme au format attendu pour le pays
3134,Meridian Foods SpA,NL,NL,NL3775432M4B43,NL3775432M4B43,format_invalide,Numero nettoye non conforme au format attendu pour le pays
3135,Meridian Services Sp. z o.o.,XX,XX,XX6176985068,XX6176985068,pays_hors_referentiel_ue,Code pays absent du referentiel UE local
3137,Prima Distribution SAS,IT,IT,IT33283M87775,IT33283M87775,format_invalide,Numero nettoye non conforme au format attendu pour le pays
3147,Baltic Technologies Lda,XX,XX,XX24636500618,XX24636500618,pays_hors_referentiel_ue,Code pays absent du referentiel UE local
3149,Vertex Consulting Oy,DK,DK,96688725,96688725,format_invalide,Numero nettoye non conforme au format attendu pour le pays
3151,Vela Industries Sp. z o.o.,FR,FR,75680871830,75680871830,format_invalide,Numero nettoye non conforme au format attendu pour le pays
3161,Metallo Transports Lda,NL,NL,N/A,NA,numero_tva_absent,Numero TVA absent
3163,Cobalt Industries Sp. z o.o.,GB,GB,GB94213015487,GB94213015487,pays_hors_perimetre_vies,Pays present dans le fichier mais hors Union europeenne
3167,Textil Services NV,IT,IT,IT0269453H885,IT0269453H885,format_invalide,Numero nettoye non conforme au format attendu pour le pays
3174,Delta Consulting SpA,LU,LU,-,,numero_tva_absent,Numero TVA absent
3180,Cobalt Distribution A/S,BE,BE,BE1551G38952,BE1551G38952,format_invalide,Numero nettoye non conforme au format attendu pour le pays
3183,Ardent Technologies SAS,GB,GB,GB6744503353,GB6744503353,pays_hors_perimetre_vies,Pays present dans le fichier mais hors Union europeenne
3187,Solaris Services NV,IT,IT, ,,numero_tva_absent,Numero TVA absent
3197,Ardent Technologies NV,PL,PL,3679756105,3679756105,format_invalide,Numero nettoye non conforme au format attendu pour le pays
3200,Baltic Industries SAS,PL,PL,PL13415831732,PL13415831732,format_invalide,Numero nettoye non conforme au format attendu pour le pays
3205,Orion Distribution Oy,BE,BE,,,numero_tva_absent,Numero TVA absent
3209,Baltic Transports SA,IT,IT,N/A,NA,numero_tva_absent,Numero TVA absent
3213,Solaris Foods A/S,FR,FR,FR247193201887,FR247193201887,format_invalide,Numero nettoye non conforme au format attendu pour le pays
3216,Batavia Consulting Sp. z o.o.,DK,DK,DK71554O01,DK71554O01,format_invalide,Numero nettoye non conforme au format attendu pour le pays
3220,Alpine Logistics SAS,DK,DK,DK6040877,DK6040877,format_invalide,Numero nettoye non conforme au format attendu pour le pays
3224,Atlantic Foods Sp. z o.o.,BE,BE,BEM190573149,BEM190573149,format_invalide,Numero nettoye non conforme au format attendu pour le pays
3234,Global Industries Oy,IT,IT,IT855040237566,IT855040237566,format_invalide,Numero nettoye non conforme au format attendu pour le pays
3237,Nord Materials BV,QQ,QQ,QQ378627660,QQ378627660,pays_hors_referentiel_ue,Code pays absent du referentiel UE local
3246,Prima Foods Sp. z o.o.,FR,FR,FR0653150558,FR0653150558,format_invalide,Numero nettoye non conforme au format attendu pour le pays
3254,Papyrus Transports SA,GB,GB,GB31550304,GB31550304,pays_hors_perimetre_vies,Pays present dans le fichier mais hors Union europeenne
3259,Metallo Consulting NV,DK,DK,DK2412140,DK2412140,format_invalide,Numero nettoye non conforme au format attendu pour le pays
3261,Azur Technologies SA,UK,UK,uk227979060,UK227979060,pays_hors_perimetre_vies,Pays present dans le fichier mais hors Union europeenne
3269,Prima Technologies A/S,FI,FI,FI66M95437,FI66M95437,format_invalide,Numero nettoye non conforme au format attendu pour le pays
3276,Prima Consulting SAS,PT,PT,PT86058H880,PT86058H880,format_invalide,Numero nettoye non conforme au format attendu pour le pays
3279,Meridian Materials Lda,FI,FI,FI3285314J,FI3285314J,format_invalide,Numero nettoye non conforme au format attendu pour le pays
3281,Azur Distribution Oy,BE,BE,,,numero_tva_absent,Numero TVA absent
3285,Azur Consulting GmbH,XX,XX,XX0112941949,XX0112941949,pays_hors_referentiel_ue,Code pays absent du referentiel UE local
3288,Vertex Industries A/S,BE,BE,BE14995971358,BE14995971358,format_invalide,Numero nettoye non conforme au format attendu pour le pays
3289,Kappa Services NV,LU,LU,LUO7947768,LUO7947768,format_invalide,Numero nettoye non conforme au format attendu pour le pays
3291,Orion Technologies BV,DK,DK,98671021,98671021,format_invalide,Numero nettoye non conforme au format attendu pour le pays
3304,Batavia Industries SARL,LU,LU,LU692939741,LU692939741,format_invalide,Numero nettoye non conforme au format attendu pour le pays
3317,Baltic Foods NV,SE,SE,SE38671143690,SE38671143690,format_invalide,Numero nettoye non conforme au format attendu pour le pays
3318,Fabrica Transports SARL,PL,PL,N/A,NA,numero_tva_absent,Numero TVA absent
3319,Granit Transports SARL,XX,XX,XX6652806040,XX6652806040,pays_hors_referentiel_ue,Code pays absent du referentiel UE local
3325,Delta Consulting SARL,FI,FI,FI552J4936,FI552J4936,format_invalide,Numero nettoye non conforme au format attendu pour le pays
3328,Metallo Technologies SARL,QQ,QQ,QQ0410931491,QQ0410931491,pays_hors_referentiel_ue,Code pays absent du referentiel UE local
3329,Textil Distribution Sp. z o.o.,PL,PL,PL3O66527278,PL3O66527278,format_invalide,Numero nettoye non conforme au format attendu pour le pays
3330,Solaris Industries SAS,PL,PL,PLJ871014168,PLJ871014168,format_invalide,Numero nettoye non conforme au format attendu pour le pays
3334,Fabrica Distribution Lda,QQ,QQ,QQ571076609B42,QQ571076609B42,pays_hors_referentiel_ue,Code pays absent du referentiel UE local
3335,Batavia Materials SAS,ZZ,ZZ,ZZ77190033,ZZ77190033,pays_hors_referentiel_ue,Code pays absent du referentiel UE local
3337,Delta Transports NV,FI,FI,FI127332H4,FI127332H4,format_invalide,Numero nettoye non conforme au format attendu pour le pays
3338,Granit Technologies GmbH,GB,GB,GB893247154,GB893247154,pays_hors_perimetre_vies,Pays present dans le fichier mais hors Union europeenne
3340,Vela Industries Oy,PT,PT,PT2006508J0,PT2006508J0,format_invalide,Numero nettoye non conforme au format attendu pour le pays
3343,Delta Services Sp. z o.o.,GB,GB,GB318432833B86,GB318432833B86,pays_hors_perimetre_vies,Pays present dans le fichier mais hors Union europeenne
3347,Papyrus Materials SARL,FR,FR,,,numero_tva_absent,Numero TVA absent
3349,Solaris Logistics SpA,DK,DK,37476250,37476250,format_invalide,Numero nettoye non conforme au format attendu pour le pays
3350,Ardent Materials A/S,ZZ,ZZ,ZZ491940580B81,ZZ491940580B81,pays_hors_referentiel_ue,Code pays absent du referentiel UE local
3359,Atlantic Consulting Oy,FI,FI,FI2771727,FI2771727,format_invalide,Numero nettoye non conforme au format attendu pour le pays
3361,Cobalt Services Sp. z o.o.,BE,BE,BE018591712,BE018591712,format_invalide,Numero nettoye non conforme au format attendu pour le pays
3362,Baltic Logistics Oy,FR,FR, ,,numero_tva_absent,Numero TVA absent
3363,Ardent Consulting Oy,DK,DK,,,numero_tva_absent,Numero TVA absent
3367,Cobalt Trading Lda,DK,DK,DK220419832,DK220419832,format_invalide,Numero nettoye non conforme au format attendu pour le pays
3369,Fabrica Transports BV,IT,IT,IT2569711081,IT2569711081,format_invalide,Numero nettoye non conforme au format attendu pour le pays
3378,Textil Consulting SARL,PT,PT,282326243,282326243,format_invalide,Numero nettoye non conforme au format attendu pour le pays
3381,Alpine Trading SA,IT,IT,IT290586195698,IT290586195698,format_invalide,Numero nettoye non conforme au format attendu pour le pays
3382,Cobalt Consulting Oy,DK,DK,DK065622727,DK065622727,format_invalide,Numero nettoye non conforme au format attendu pour le pays
3390,Atlantic Distribution Sp. z o.o.,BE,BE,,,numero_tva_absent,Numero TVA absent
3395,Solaris Services AB,GB,GB,GB816814499901,GB816814499901,pays_hors_perimetre_vies,Pays present dans le fichier mais hors Union europeenne
3400,Lusitania Industries SA,IT,IT,25109377132,25109377132,format_invalide,Numero nettoye non conforme au format attendu pour le pays
3402,Cobalt Services NV,PT,PT,PT3421635588,PT3421635588,format_invalide,Numero nettoye non conforme au format attendu pour le pays
3404,Metallo Trading Lda,QQ,QQ,QQ154340319801,QQ154340319801,pays_hors_referentiel_ue,Code pays absent du referentiel UE local
3411,Vertex Technologies SA,LU,LU,LUM4268920,LUM4268920,format_invalide,Numero nettoye non conforme au format attendu pour le pays
3413,Lusitania Services SAS,GB,GB,GB57697763113,GB57697763113,pays_hors_perimetre_vies,Pays present dans le fichier mais hors Union europeenne
3414,Delta Technologies A/S,FR,FR,FR5062410182,FR5062410182,format_invalide,Numero nettoye non conforme au format attendu pour le pays
3415,Vela Materials SAS,UK,UK,uk26062918,UK26062918,pays_hors_perimetre_vies,Pays present dans le fichier mais hors Union europeenne
3418,Global Materials SARL,UK,UK,UK79901571,UK79901571,pays_hors_perimetre_vies,Pays present dans le fichier mais hors Union europeenne
3422,Solaris Materials SA,SE,SE,-,,numero_tva_absent,Numero TVA absent
3425,Alpine Materials NV,BE,BE,BE1M76517102,BE1M76517102,format_invalide,Numero nettoye non conforme au format attendu pour le pays
3427,Orion Consulting Sp. z o.o.,FR,FR,79738023132,79738023132,format_invalide,Numero nettoye non conforme au format attendu pour le pays
3428,Solaris Industries SpA,UK,UK,UK885077008,UK885077008,pays_hors_perimetre_vies,Pays present dans le fichier mais hors Union europeenne
3438,Vela Technologies Sp. z o.o.,FR,FR,FR7027800111,FR7027800111,format_invalide,Numero nettoye non conforme au format attendu pour le pays
3443,Azur Industries Sp. z o.o.,BE,BE,BE11911130825,BE11911130825,format_invalide,Numero nettoye non conforme au format attendu pour le pays
3446,Textil Services A/S,BE,BE,1941680672,1941680672,format_invalide,Numero nettoye non conforme au format attendu pour le pays
3450,Lumen Industries A/S,SE,SE,SE41122J307701,SE41122J307701,format_invalide,Numero nettoye non conforme au format attendu pour le pays
3452,Fabrica Materials Lda,BE,BE,BE121650946,BE121650946,format_invalide,Numero nettoye non conforme au format attendu pour le pays
3453,Meridian Industries SAS,PL,PL,1879571013,1879571013,format_invalide,Numero nettoye non conforme au format attendu pour le pays
3456,Corvus Materials AB,SE,SE,SE1572851010016,SE1572851010016,format_invalide,Numero nettoye non conforme au format attendu pour le pays
3457,Batavia Logistics NV,NL,NL,NL794835752BH6,NL794835752BH6,format_invalide,Numero nettoye non conforme au format attendu pour le pays
3458,Delta Industries SA,SE,SE,SE1944018496011,SE1944018496011,format_invalide,Numero nettoye non conforme au format attendu pour le pays
3460,Metallo Materials NV,SE,SE,433700921301,433700921301,format_invalide,Numero nettoye non conforme au format attendu pour le pays
3461,Kappa Trading SAS,FI,FI,FI207177117,FI207177117,format_invalide,Numero nettoye non conforme au format attendu pour le pays
3463,Lumen Consulting BV,DK,DK,42011061,42011061,format_invalide,Numero nettoye non conforme au format attendu pour le pays
3465,Atlantic Trading Sp. z o.o.,NL,NL,370158271B83,370158271B83,format_invalide,Numero nettoye non conforme au format attendu pour le pays
3466,Atlantic Foods SARL,XX,XX,XX4444987363,XX4444987363,pays_hors_referentiel_ue,Code pays absent du referentiel UE local
3467,Solaris Technologies BV,FI,FI,47061660,47061660,format_invalide,Numero nettoye non conforme au format attendu pour le pays
3468,Nord Technologies BV,UK,UK,UK0438464150,UK0438464150,pays_hors_perimetre_vies,Pays present dans le fichier mais hors Union europeenne
3470,Cobalt Foods AB,SE,SE,SE52121259090,SE52121259090,format_invalide,Numero nettoye non conforme au format attendu pour le pays
3481,Vertex Consulting A/S,FR,FR,95612094601,95612094601,format_invalide,Numero nettoye non conforme au format attendu pour le pays
3506,Verso Foods A/S,NL,NL,  NL360867340B104 ,NL360867340B104,format_invalide,Numero nettoye non conforme au format attendu pour le pays
3507,Cobalt Materials Oy,NL,NL,NLO78980073B87,NLO78980073B87,format_invalide,Numero nettoye non conforme au format attendu pour le pays
3510,Textil Trading SAS,QQ,QQ,QQ964068284601,QQ964068284601,pays_hors_referentiel_ue,Code pays absent du referentiel UE local
3517,Lumen Technologies BV,SE,SE,SE653349048K01,SE653349048K01,format_invalide,Numero nettoye non conforme au format attendu pour le pays
3523,Batavia Trading AB,LU,LU,LU487M7342,LU487M7342,format_invalide,Numero nettoye non conforme au format attendu pour le pays
3526,Baltic Industries GmbH,PT,PT,514947063,514947063,format_invalide,Numero nettoye non conforme au format attendu pour le pays
3529,Global Technologies SAS,FI,FI,FI2784201,FI2784201,format_invalide,Numero nettoye non conforme au format attendu pour le pays
3536,Batavia Materials Oy,NL,NL,NL186086234B012,NL186086234B012,format_invalide,Numero nettoye non conforme au format attendu pour le pays
3545,Granit Consulting SAS,ZZ,ZZ,ZZ318883562,ZZ318883562,pays_hors_referentiel_ue,Code pays absent du referentiel UE local
3546,Atlantic Transports NV,PL,PL,PL8K09521177,PL8K09521177,format_invalide,Numero nettoye non conforme au format attendu pour le pays
3556,Kappa Foods NV,FR,FR,N/A,NA,numero_tva_absent,Numero TVA absent
3557,Meridian Distribution AB,SE,SE,SE5561771915017,SE5561771915017,format_invalide,Numero nettoye non conforme au format attendu pour le pays
3558,Hanse Services Oy,LU,LU,-,,numero_tva_absent,Numero TVA absent
3561,Papyrus Consulting SA,SE,SE,SE59511254170,SE59511254170,format_invalide,Numero nettoye non conforme au format attendu pour le pays
3562,Cobalt Logistics GmbH,ZZ,ZZ,ZZ64847171310,ZZ64847171310,pays_hors_referentiel_ue,Code pays absent du referentiel UE local
3563,Nord Transports GmbH,DK,DK,DK12116G69,DK12116G69,format_invalide,Numero nettoye non conforme au format attendu pour le pays
3574,Batavia Foods SAS,XX,XX,XX32693892740,XX32693892740,pays_hors_referentiel_ue,Code pays absent du referentiel UE local
3576,Kappa Trading AB,SE,SE,SE74293215600,SE74293215600,format_invalide,Numero nettoye non conforme au format attendu pour le pays
3579,Cobalt Distribution SA,QQ,QQ,QQ 2715 2196005,QQ27152196005,pays_hors_referentiel_ue,Code pays absent du referentiel UE local
3586,Orion Industries A/S,GB,GB,GB148437460,GB148437460,pays_hors_perimetre_vies,Pays present dans le fichier mais hors Union europeenne
3592,Vertex Logistics BV,XX,XX,XX580595353B04,XX580595353B04,pays_hors_referentiel_ue,Code pays absent du referentiel UE local
3593,Hanse Services Oy,DK,DK,-,,numero_tva_absent,Numero TVA absent
3595,Textil Foods SA,FI,FI,17199124,17199124,format_invalide,Numero nettoye non conforme au format attendu pour le pays
3596,Azur Services BV,PT,PT,763679062,763679062,format_invalide,Numero nettoye non conforme au format attendu pour le pays
3598,Textil Technologies Lda,FR,FR,14992459801,14992459801,format_invalide,Numero nettoye non conforme au format attendu pour le pays
3607,Textil Transports SpA,SE,SE,090942330301,090942330301,format_invalide,Numero nettoye non conforme au format attendu pour le pays
3610,Delta Distribution SpA,QQ,QQ,QQ67784714272,QQ67784714272,pays_hors_referentiel_ue,Code pays absent du referentiel UE local
3615,Orion Industries SARL,NL,NL,255867888B58,255867888B58,format_invalide,Numero nettoye non conforme au format attendu pour le pays
3617,Fabrica Technologies SA,ZZ,ZZ,ZZ39365203748,ZZ39365203748,pays_hors_referentiel_ue,Code pays absent du referentiel UE local
3618,Cobalt Transports SpA,IT,IT,89911998659,89911998659,format_invalide,Numero nettoye non conforme au format attendu pour le pays
3620,Global Consulting BV,FR,FR,22579856659,22579856659,format_invalide,Numero nettoye non conforme au format attendu pour le pays
3622,Corvus Technologies SAS,BE,BE,BE195H055550,BE195H055550,format_invalide,Numero nettoye non conforme au format attendu pour le pays
3625,Global Services SARL,ZZ,ZZ,ZZ60838267,ZZ60838267,pays_hors_referentiel_ue,Code pays absent du referentiel UE local
3628,Atlantic Technologies Oy,BE,BE,BE04986374089,BE04986374089,format_invalide,Numero nettoye non conforme au format attendu pour le pays
3632,Nord Consulting AB,NL,NL,602488205B76,602488205B76,format_invalide,Numero nettoye non conforme au format attendu pour le pays
3642,Fabrica Foods NV,FR,FR,77995902158,77995902158,format_invalide,Numero nettoye non conforme au format attendu pour le pays
3652,Fabrica Transports Oy,PT,PT,PT10136276,PT10136276,format_invalide,Numero nettoye non conforme au format attendu pour le pays
3654,Alpine Technologies AB,LU,LU,LU3804072,LU3804072,format_invalide,Numero nettoye non conforme au format attendu pour le pays
3664,Verso Foods SpA,DK,DK,DK2856357,DK2856357,format_invalide,Numero nettoye non conforme au format attendu pour le pays
3670,Verso Technologies NV,ZZ,ZZ,ZZ49815204,ZZ49815204,pays_hors_referentiel_ue,Code pays absent du referentiel UE local
3678,Cobalt Foods Oy,FI,FI,FI160952946,FI160952946,format_invalide,Numero nettoye non conforme au format attendu pour le pays
3681,Fabrica Services AB,NL,NL,  580569925B77 ,580569925B77,format_invalide,Numero nettoye non conforme au format attendu pour le pays
3684,Vela Materials AB,QQ,QQ,QQ55950181233,QQ55950181233,pays_hors_referentiel_ue,Code pays absent du referentiel UE local
3687,Textil Logistics A/S,DK,DK,DK3J572873,DK3J572873,format_invalide,Numero nettoye non conforme au format attendu pour le pays
3692,Papyrus Consulting BV,NL,NL,862182177B84,862182177B84,format_invalide,Numero nettoye non conforme au format attendu pour le pays
3696,Alpine Transports BV,QQ,QQ,QQ97353127,QQ97353127,pays_hors_referentiel_ue,Code pays absent du referentiel UE local
3698,Alpine Logistics AB,IT,IT,IT0568967G204,IT0568967G204,format_invalide,Numero nettoye non conforme au format attendu pour le pays
3699,Ardent Transports SAS,FI,FI,,,numero_tva_absent,Numero TVA absent
3701,Ardent Logistics Oy,FI,FI,89506314,89506314,format_invalide,Numero nettoye non conforme au format attendu pour le pays
3706,Lumen Materials Oy,LU,LU,15204432,15204432,format_invalide,Numero nettoye non conforme au format attendu pour le pays
3710,Vela Materials SAS,UK,UK,UK.26062918,UK26062918,pays_hors_perimetre_vies,Pays present dans le fichier mais hors Union europeenne
3715,Papyrus Industries SA,BE,BE,0282330178,0282330178,format_invalide,Numero nettoye non conforme au format attendu pour le pays
3717,Metallo Logistics A/S,QQ,QQ,QQ73091233,QQ73091233,pays_hors_referentiel_ue,Code pays absent du referentiel UE local
3720,Nord Logistics SA,LU,LU,N/A,NA,numero_tva_absent,Numero TVA absent
3725,Alpine Foods GmbH,FI,FI,12179634,12179634,format_invalide,Numero nettoye non conforme au format attendu pour le pays
3728,Metallo Technologies SA,PT,PT,PT7505J4098,PT7505J4098,format_invalide,Numero nettoye non conforme au format attendu pour le pays
3741,Metallo Distribution AB,NL,NL,NL36189G005B26,NL36189G005B26,format_invalide,Numero nettoye non conforme au format attendu pour le pays
3753,Lumen Consulting Lda,PL,PL,2527098475,2527098475,format_invalide,Numero nettoye non conforme au format attendu pour le pays
3757,Baltic Materials Lda,GB,GB,GB88207823,GB88207823,pays_hors_perimetre_vies,Pays present dans le fichier mais hors Union europeenne
3762,Prima Consulting SA,BE,BE,BE157H084218,BE157H084218,format_invalide,Numero nettoye non conforme au format attendu pour le pays
3766,Nord Services SpA,PT,PT,N/A,NA,numero_tva_absent,Numero TVA absent
3768,Alpine Transports SAS,PL,PL,PL65241396328,PL65241396328,format_invalide,Numero nettoye non conforme au format attendu pour le pays
3769,Vertex Technologies Lda,PT,PT,PT49370154,PT49370154,format_invalide,Numero nettoye non conforme au format attendu pour le pays
3774,Fabrica Transports SARL,NL,NL,665659362B51,665659362B51,format_invalide,Numero nettoye non conforme au format attendu pour le pays
3775,Lusitania Logistics SAS,NL,NL, ,,numero_tva_absent,Numero TVA absent
3781,Atlantic Technologies BV,BE,BE,1458974228,1458974228,format_invalide,Numero nettoye non conforme au format attendu pour le pays
3790,Solaris Foods NV,QQ,QQ,QQ119983837B35,QQ119983837B35,pays_hors_referentiel_ue,Code pays absent du referentiel UE local
3800,Kappa Technologies NV,BE,BE,null,NULL,numero_tva_absent,Numero TVA absent
3801,Solaris Logistics Oy,NL,NL, ,,numero_tva_absent,Numero TVA absent
3807,Vertex Transports BV,IT,IT,IT8671232442,IT8671232442,format_invalide,Numero nettoye non conforme au format attendu pour le pays
3809,Verso Foods SARL,DK,DK,DK274291060,DK274291060,format_invalide,Numero nettoye non conforme au format attendu pour le pays
3817,Granit Transports SpA,LU,LU,41786712,41786712,format_invalide,Numero nettoye non conforme au format attendu pour le pays
3819,Azur Foods SA,BE,BE,null,NULL,numero_tva_absent,Numero TVA absent
3825,Textil Logistics SAS,BE,BE,BE174294192,BE174294192,format_invalide,Numero nettoye non conforme au format attendu pour le pays
3826,Baltic Technologies SAS,BE,BE,BE16078K7638,BE16078K7638,format_invalide,Numero nettoye non conforme au format attendu pour le pays
3833,Solaris Transports NV,IT,IT,IT3516806496,IT3516806496,format_invalide,Numero nettoye non conforme au format attendu pour le pays
3850,Metallo Transports Lda,IT,IT,IT6513957691,IT6513957691,format_invalide,Numero nettoye non conforme au format attendu pour le pays
3858,Fabrica Services Sp. z o.o.,UK,UK,UK50353102549,UK50353102549,pays_hors_perimetre_vies,Pays present dans le fichier mais hors Union europeenne
3863,Batavia Materials Sp. z o.o.,NL,NL,NL77H142918B07,NL77H142918B07,format_invalide,Numero nettoye non conforme au format attendu pour le pays
3864,Kappa Consulting Sp. z o.o.,DK,DK,DK753O6324,DK753O6324,format_invalide,Numero nettoye non conforme au format attendu pour le pays
3867,Meridian Industries AB,IT,IT,ITJ2554334834,ITJ2554334834,format_invalide,Numero nettoye non conforme au format attendu pour le pays
3870,Global Trading GmbH,PL,PL,3494001085,3494001085,format_invalide,Numero nettoye non conforme au format attendu pour le pays
3875,Prima Industries Lda,UK,UK,UK746953136B93,UK746953136B93,pays_hors_perimetre_vies,Pays present dans le fichier mais hors Union europeenne
3879,Nord Consulting SA,NL,NL,951585411B15,951585411B15,format_invalide,Numero nettoye non conforme au format attendu pour le pays
3883,Baltic Materials GmbH,PT,PT,N/A,NA,numero_tva_absent,Numero TVA absent
3890,Atlantic Transports SARL,LU,LU,LU937618036,LU937618036,format_invalide,Numero nettoye non conforme au format attendu pour le pays
3897,Corvus Logistics BV,FR,FR,FR6434849324K,FR6434849324K,format_invalide,Numero nettoye non conforme au format attendu pour le pays
3903,Vertex Trading SA,BE,BE,-,,numero_tva_absent,Numero TVA absent
3908,Nord Materials Lda,XX,XX,XX1968133639,XX1968133639,pays_hors_referentiel_ue,Code pays absent du referentiel UE local
3911,Solaris Distribution A/S,PT,PT,PT77537660,PT77537660,format_invalide,Numero nettoye non conforme au format attendu pour le pays
3912,Global Transports A/S,PL,PL,PL428H005225,PL428H005225,format_invalide,Numero nettoye non conforme au format attendu pour le pays
3925,Granit Services AB,UK,UK,UK65518892432,UK65518892432,pays_hors_perimetre_vies,Pays present dans le fichier mais hors Union europeenne
3929,Corvus Industries SAS,FI,FI,FI676868959,FI676868959,format_invalide,Numero nettoye non conforme au format attendu pour le pays
3931,Granit Technologies SpA,PL,PL,PL87970490K3,PL87970490K3,format_invalide,Numero nettoye non conforme au format attendu pour le pays
3943,Azur Logistics AB,NL,NL,181349413B66,181349413B66,format_invalide,Numero nettoye non conforme au format attendu pour le pays
3945,Batavia Services A/S,DK,DK,DK2791O099,DK2791O099,format_invalide,Numero nettoye non conforme au format attendu pour le pays
3948,Granit Trading SpA,XX,XX,XX47852265324,XX47852265324,pays_hors_referentiel_ue,Code pays absent du referentiel UE local
3950,Solaris Trading BV,GB,GB,GB874176103801,GB874176103801,pays_hors_perimetre_vies,Pays present dans le fichier mais hors Union europeenne
3951,Vela Distribution NV,PT,PT,668325550,668325550,format_invalide,Numero nettoye non conforme au format attendu pour le pays
3959,Lumen Logistics Sp. z o.o.,PT,PT,PT6793263674,PT6793263674,format_invalide,Numero nettoye non conforme au format attendu pour le pays
3965,Nord Services Sp. z o.o.,NL,NL,null,NULL,numero_tva_absent,Numero TVA absent
3967,Meridian Consulting SAS,SE,SE,SE40122205230,SE40122205230,format_invalide,Numero nettoye non conforme au format attendu pour le pays
3969,Delta Consulting SAS,NL,NL,NL498989434B3,NL498989434B3,format_invalide,Numero nettoye non conforme au format attendu pour le pays
3972,Ardent Logistics NV,FI,FI,95591228,95591228,format_invalide,Numero nettoye non conforme au format attendu pour le pays
3973,Lumen Technologies BV,QQ,QQ,QQ9495606238,QQ9495606238,pays_hors_referentiel_ue,Code pays absent du referentiel UE local
3977,Alpine Services AB,GB,GB,GB349562396301,GB349562396301,pays_hors_perimetre_vies,Pays present dans le fichier mais hors Union europeenne
3980,Lusitania Foods BV,IT,IT,IT92633G63015,IT92633G63015,format_invalide,Numero nettoye non conforme au format attendu pour le pays
3982,Azur Logistics A/S,FR,FR,FR578517818471,FR578517818471,format_invalide,Numero nettoye non conforme au format attendu pour le pays
3989,Textil Services Oy,FI,FI,42989427,42989427,format_invalide,Numero nettoye non conforme au format attendu pour le pays
3991,Global Trading GmbH,FR,FR,02610165046,02610165046,format_invalide,Numero nettoye non conforme au format attendu pour le pays
3994,Granit Technologies AB,BE,BE,BE0K77402088,BE0K77402088,format_invalide,Numero nettoye non conforme au format attendu pour le pays
3995,Metallo Trading Sp. z o.o.,QQ,QQ,QQ34680412151,QQ34680412151,pays_hors_referentiel_ue,Code pays absent du referentiel UE local
3997,Atlantic Foods SpA,NL,NL,NL575184632B4M,NL575184632B4M,format_invalide,Numero nettoye non conforme au format attendu pour le pays
4001,Ardent Materials SARL,BE,BE,1931922670,1931922670,format_invalide,Numero nettoye non conforme au format attendu pour le pays
4004,Atlantic Trading SAS,IT,IT, ,,numero_tva_absent,Numero TVA absent
4006,Alpine Technologies A/S,XX,XX,XX06860266905,XX06860266905,pays_hors_referentiel_ue,Code pays absent du referentiel UE local
4007,Orion Distribution AB,GB,GB,GB217876653701,GB217876653701,pays_hors_perimetre_vies,Pays present dans le fichier mais hors Union europeenne
4008,Ardent Transports Oy,DK,DK,N/A,NA,numero_tva_absent,Numero TVA absent
4011,Nord Consulting BV,FI,FI,FIO1608896,FIO1608896,format_invalide,Numero nettoye non conforme au format attendu pour le pays
4012,Vertex Trading GmbH,BE,BE,BE094196007,BE094196007,format_invalide,Numero nettoye non conforme au format attendu pour le pays
4013,Delta Technologies Lda,IT,IT,,,numero_tva_absent,Numero TVA absent
4016,Alpine Transports SAS,PL,PL,  PL65241396328 ,PL65241396328,format_invalide,Numero nettoye non conforme au format attendu pour le pays
4024,Ardent Distribution SAS,BE,BE,  BE178193087 ,BE178193087,format_invalide,Numero nettoye non conforme au format attendu pour le pays
4027,Global Logistics GmbH,UK,UK,UK80821718192,UK80821718192,pays_hors_perimetre_vies,Pays present dans le fichier mais hors Union europeenne
4030,Metallo Materials Sp. z o.o.,ZZ,ZZ,ZZ69590961111,ZZ69590961111,pays_hors_referentiel_ue,Code pays absent du referentiel UE local
4031,Textil Materials SpA,NL,NL,NL015983201B643,NL015983201B643,format_invalide,Numero nettoye non conforme au format attendu pour le pays
4033,Lusitania Services NV,DK,DK,DK684919M7,DK684919M7,format_invalide,Numero nettoye non conforme au format attendu pour le pays
4034,Corvus Consulting SpA,DK,DK,DK7311497,DK7311497,format_invalide,Numero nettoye non conforme au format attendu pour le pays
4041,Textil Materials Oy,PL,PL,PL K537 863162,PLK537863162,format_invalide,Numero nettoye non conforme au format attendu pour le pays
4043,Batavia Technologies GmbH,FI,FI,FI8029O509,FI8029O509,format_invalide,Numero nettoye non conforme au format attendu pour le pays
4045,Solaris Logistics Lda,XX,XX,XX4235231224,XX4235231224,pays_hors_referentiel_ue,Code pays absent du referentiel UE local
4052,Meridian Distribution SA,DK,DK,20438010,20438010,format_invalide,Numero nettoye non conforme au format attendu pour le pays
4055,Vertex Materials GmbH,FI,FI,12192847,12192847,format_invalide,Numero nettoye non conforme au format attendu pour le pays
4058,Vertex Distribution Sp. z o.o.,NL,NL,NL9286G8947B40,NL9286G8947B40,format_invalide,Numero nettoye non conforme au format attendu pour le pays
4060,Papyrus Services Sp. z o.o.,DK,DK,DK430111548,DK430111548,format_invalide,Numero nettoye non conforme au format attendu pour le pays
4063,Prima Consulting Sp. z o.o.,SE,SE,SE01489532430,SE01489532430,format_invalide,Numero nettoye non conforme au format attendu pour le pays
4068,Azur Technologies A/S,DK,DK,DK3462062,DK3462062,format_invalide,Numero nettoye non conforme au format attendu pour le pays
4071,Vertex Trading AB,NL,NL,,,numero_tva_absent,Numero TVA absent
4086,Vertex Industries Oy,FR,FR,FR896964246537,FR896964246537,format_invalide,Numero nettoye non conforme au format attendu pour le pays
4087,Metallo Technologies AB,SE,SE,null,NULL,numero_tva_absent,Numero TVA absent
4089,Metallo Technologies AB,FR,FR,FR60879492H23,FR60879492H23,format_invalide,Numero nettoye non conforme au format attendu pour le pays
4098,Delta Trading NV,PT,PT,PT2753630314,PT2753630314,format_invalide,Numero nettoye non conforme au format attendu pour le pays
4106,Verso Distribution NV,UK,UK,UK965147769B76,UK965147769B76,pays_hors_perimetre_vies,Pays present dans le fichier mais hors Union europeenne
4111,Nord Logistics AB,ZZ,ZZ,ZZ326955240B48,ZZ326955240B48,pays_hors_referentiel_ue,Code pays absent du referentiel UE local
4115,Delta Industries GmbH,NL,NL,362793827B08,362793827B08,format_invalide,Numero nettoye non conforme au format attendu pour le pays
4118,Batavia Consulting Sp. z o.o.,IT,IT,N/A,NA,numero_tva_absent,Numero TVA absent
4125,Meridian Transports Sp. z o.o.,UK,UK,UK3404445916,UK3404445916,pays_hors_perimetre_vies,Pays present dans le fichier mais hors Union europeenne
4127,Atlantic Services NV,UK,UK,UK396756166,UK396756166,pays_hors_perimetre_vies,Pays present dans le fichier mais hors Union europeenne
4138,Baltic Consulting SA,LU,LU,LU5513O803,LU5513O803,format_invalide,Numero nettoye non conforme au format attendu pour le pays
4140,Papyrus Services A/S,BE,BE,1980605287,1980605287,format_invalide,Numero nettoye non conforme au format attendu pour le pays
4149,Meridian Distribution AB,QQ,QQ,QQ1312184821,QQ1312184821,pays_hors_referentiel_ue,Code pays absent du referentiel UE local
4150,Orion Services AB,BE,BE,BE05K4844220,BE05K4844220,format_invalide,Numero nettoye non conforme au format attendu pour le pays
4153,Ardent Foods Lda,FR,FR,FR236883169830,FR236883169830,format_invalide,Numero nettoye non conforme au format attendu pour le pays
4158,Vela Consulting SA,IT,IT,,,numero_tva_absent,Numero TVA absent
4160,Alpine Foods A/S,IT,IT,IT0265654682,IT0265654682,format_invalide,Numero nettoye non conforme au format attendu pour le pays
4162,Corvus Materials SpA,IT,IT,IT94106060J90,IT94106060J90,format_invalide,Numero nettoye non conforme au format attendu pour le pays
4163,Atlantic Logistics SA,FR,FR,07873870541,07873870541,format_invalide,Numero nettoye non conforme au format attendu pour le pays
4164,Solaris Technologies Sp. z o.o.,SE,SE,SE0611380K4201,SE0611380K4201,format_invalide,Numero nettoye non conforme au format attendu pour le pays
4170,Solaris Distribution SAS,PT,PT,PT2389933102,PT2389933102,format_invalide,Numero nettoye non conforme au format attendu pour le pays
4174,Delta Consulting GmbH,SE,SE,SE4631603364012,SE4631603364012,format_invalide,Numero nettoye non conforme au format attendu pour le pays
4178,Alpine Distribution SA,GB,GB,GB77305092,GB77305092,pays_hors_perimetre_vies,Pays present dans le fichier mais hors Union europeenne
4181,Alpine Industries SpA,LU,LU,LU9059693,LU9059693,format_invalide,Numero nettoye non conforme au format attendu pour le pays
4184,Granit Materials GmbH,XX,XX,XX0250292068,XX0250292068,pays_hors_referentiel_ue,Code pays absent du referentiel UE local
4188,Metallo Distribution Oy,LU,LU,87956264,87956264,format_invalide,Numero nettoye non conforme au format attendu pour le pays
4190,Global Trading SpA,FI,FI,91167219,91167219,format_invalide,Numero nettoye non conforme au format attendu pour le pays
4193,Lusitania Technologies SA,LU,LU,LU704722205,LU704722205,format_invalide,Numero nettoye non conforme au format attendu pour le pays
4199,Kappa Logistics Lda,GB,GB,GB85949128,GB85949128,pays_hors_perimetre_vies,Pays present dans le fichier mais hors Union europeenne
4208,Nord Services Sp. z o.o.,LU,LU,LU390126395,LU390126395,format_invalide,Numero nettoye non conforme au format attendu pour le pays
4213,Nord Consulting SA,FI,FI,FI8831743,FI8831743,format_invalide,Numero nettoye non conforme au format attendu pour le pays
4216,Meridian Foods A/S,FI,FI,FI0310K850,FI0310K850,format_invalide,Numero nettoye non conforme au format attendu pour le pays
4225,Azur Trading SA,IT,IT,IT2097491061,IT2097491061,format_invalide,Numero nettoye non conforme au format attendu pour le pays
4230,Metallo Foods SpA,FR,FR,FR7295881165,FR7295881165,format_invalide,Numero nettoye non conforme au format attendu pour le pays
4232,Verso Logistics SpA,DK,DK,47442036,47442036,format_invalide,Numero nettoye non conforme au format attendu pour le pays
4237,Alpine Logistics SARL,SE,SE,SE3149387551013,SE3149387551013,format_invalide,Numero nettoye non conforme au format attendu pour le pays
4238,Solaris Services NV,FI,FI,,,numero_tva_absent,Numero TVA absent
4241,Textil Services Oy,FR,FR,FR031696965500,FR031696965500,format_invalide,Numero nettoye non conforme au format attendu pour le pays
4243,Azur Services SAS,UK,UK,UK037333787201,UK037333787201,pays_hors_perimetre_vies,Pays present dans le fichier mais hors Union europeenne
4248,Orion Industries Sp. z o.o.,PT,PT,PT42773H797,PT42773H797,format_invalide,Numero nettoye non conforme au format attendu pour le pays
4250,Azur Services GmbH,GB,GB,GB12589042588,GB12589042588,pays_hors_perimetre_vies,Pays present dans le fichier mais hors Union europeenne
4256,Prima Technologies SAS,QQ,QQ,QQ76888296,QQ76888296,pays_hors_referentiel_ue,Code pays absent du referentiel UE local
4258,Fabrica Services Lda,BE,BE,BE068622936,BE068622936,format_invalide,Numero nettoye non conforme au format attendu pour le pays
4265,Metallo Transports SARL,SE,SE,se0687028134010,SE0687028134010,format_invalide,Numero nettoye non conforme au format attendu pour le pays
4271,Granit Industries Oy,FR,FR,FR1851462583,FR1851462583,format_invalide,Numero nettoye non conforme au format attendu pour le pays
4275,Textil Trading AB,UK,UK,UK69938822,UK69938822,pays_hors_perimetre_vies,Pays present dans le fichier mais hors Union europeenne
4276,Delta Materials AB,BE,BE, ,,numero_tva_absent,Numero TVA absent
4284,Solaris Materials SARL,QQ,QQ,QQ10582403,QQ10582403,pays_hors_referentiel_ue,Code pays absent du referentiel UE local
4285,Hanse Distribution SA,LU,LU,LU2852347,LU2852347,format_invalide,Numero nettoye non conforme au format attendu pour le pays
4288,Cobalt Distribution SA,PT,PT,PT89067147,PT89067147,format_invalide,Numero nettoye non conforme au format attendu pour le pays
4290,Meridian Foods SARL,UK,UK,UK96313667376,UK96313667376,pays_hors_perimetre_vies,Pays present dans le fichier mais hors Union europeenne
4293,Global Technologies SARL,DK,DK,DK99470M25,DK99470M25,format_invalide,Numero nettoye non conforme au format attendu pour le pays
4298,Metallo Foods AB,FI,FI,FI5967010,FI5967010,format_invalide,Numero nettoye non conforme au format attendu pour le pays
4301,Granit Technologies A/S,QQ,QQ,QQ646208721,QQ646208721,pays_hors_referentiel_ue,Code pays absent du referentiel UE local
4302,Cobalt Foods Oy,ZZ,ZZ,ZZ1585204781,ZZ1585204781,pays_hors_referentiel_ue,Code pays absent du referentiel UE local
4303,Baltic Foods SA,XX,XX,XX13970188,XX13970188,pays_hors_referentiel_ue,Code pays absent du referentiel UE local
4326,Delta Technologies GmbH,FR,FR,FR057362777543,FR057362777543,format_invalide,Numero nettoye non conforme au format attendu pour le pays
4332,Kappa Consulting BV,IT,IT,IT131807889K5,IT131807889K5,format_invalide,Numero nettoye non conforme au format attendu pour le pays
4334,Delta Materials NV,PL,PL,PL54730907948,PL54730907948,format_invalide,Numero nettoye non conforme au format attendu pour le pays
4336,Cobalt Services SARL,ZZ,ZZ,ZZ1907055632,ZZ1907055632,pays_hors_referentiel_ue,Code pays absent du referentiel UE local
4337,Textil Foods SARL,ZZ,ZZ,ZZ46730615,ZZ46730615,pays_hors_referentiel_ue,Code pays absent du referentiel UE local
4338,Lusitania Trading Sp. z o.o.,GB,GB,GB262897842B59,GB262897842B59,pays_hors_perimetre_vies,Pays present dans le fichier mais hors Union europeenne
4341,Alpine Distribution SpA,IT,IT,58294547417,58294547417,format_invalide,Numero nettoye non conforme au format attendu pour le pays
4345,Alpine Technologies Oy,FI,FI,FI885980778,FI885980778,format_invalide,Numero nettoye non conforme au format attendu pour le pays
4347,Lumen Distribution NV,DK,DK,05822440,05822440,format_invalide,Numero nettoye non conforme au format attendu pour le pays
4348,Papyrus Consulting A/S,FR,FR,41508643598,41508643598,format_invalide,Numero nettoye non conforme au format attendu pour le pays
4349,Cobalt Technologies Lda,PL,PL,PL22988920353,PL22988920353,format_invalide,Numero nettoye non conforme au format attendu pour le pays
4350,Delta Distribution NV,DK,DK,DK8987997,DK8987997,format_invalide,Numero nettoye non conforme au format attendu pour le pays
4351,Vela Consulting A/S,ZZ,ZZ,ZZ1165438766,ZZ1165438766,pays_hors_referentiel_ue,Code pays absent du referentiel UE local
4352,Lumen Services AB,IT,IT,10628520990,10628520990,format_invalide,Numero nettoye non conforme au format attendu pour le pays
4362,Nord Industries A/S,UK,UK,UK10552154134,UK10552154134,pays_hors_perimetre_vies,Pays present dans le fichier mais hors Union europeenne
4364,Lumen Transports SA,SE,SE,,,numero_tva_absent,Numero TVA absent
4367,Global Services Oy,SE,SE,SE7035059687010,SE7035059687010,format_invalide,Numero nettoye non conforme au format attendu pour le pays
4369,Lusitania Consulting SA,FI,FI,FI5M228099,FI5M228099,format_invalide,Numero nettoye non conforme au format attendu pour le pays
4373,Ardent Logistics NV,FI,FI,95.591228,95591228,format_invalide,Numero nettoye non conforme au format attendu pour le pays
4376,Corvus Materials GmbH,PT,PT,PT39998198,PT39998198,format_invalide,Numero nettoye non conforme au format attendu pour le pays
4384,Global Technologies SAS,LU,LU,28324042,28324042,format_invalide,Numero nettoye non conforme au format attendu pour le pays
4393,Corvus Foods BV,DK,DK,DK0249556,DK0249556,format_invalide,Numero nettoye non conforme au format attendu pour le pays
4397,Azur Trading GmbH,PT,PT,N/A,NA,numero_tva_absent,Numero TVA absent
4398,Vela Logistics AB,PT,PT,PT42710407,PT42710407,format_invalide,Numero nettoye non conforme au format attendu pour le pays
4411,Solaris Industries A/S,PT,PT,PT732G14750,PT732G14750,format_invalide,Numero nettoye non conforme au format attendu pour le pays
4413,Metallo Technologies Lda,DK,DK,DKG8163640,DKG8163640,format_invalide,Numero nettoye non conforme au format attendu pour le pays
4416,Azur Logistics A/S,NL,NL,NL069386353B8,NL069386353B8,format_invalide,Numero nettoye non conforme au format attendu pour le pays
4417,Kappa Logistics GmbH,NL,NL, ,,numero_tva_absent,Numero TVA absent
4426,Batavia Consulting GmbH,LU,LU,LU8038458,LU8038458,format_invalide,Numero nettoye non conforme au format attendu pour le pays
4427,Textil Consulting GmbH,PT,PT,PT8200419637,PT8200419637,format_invalide,Numero nettoye non conforme au format attendu pour le pays
4430,Baltic Logistics Oy,PT,PT,481438980,481438980,format_invalide,Numero nettoye non conforme au format attendu pour le pays
4431,Atlantic Materials AB,SE,SE,SE95561315720,SE95561315720,format_invalide,Numero nettoye non conforme au format attendu pour le pays
4435,Ardent Foods SARL,FR,FR,FR0733989407,FR0733989407,format_invalide,Numero nettoye non conforme au format attendu pour le pays
4436,Granit Services AB,UK,UK,  UK65518892432 ,UK65518892432,pays_hors_perimetre_vies,Pays present dans le fichier mais hors Union europeenne
4441,Kappa Technologies BV,FR,FR,60999479674,60999479674,format_invalide,Numero nettoye non conforme au format attendu pour le pays
4449,Vertex Transports Oy,DK,DK,DK8578489,DK8578489,format_invalide,Numero nettoye non conforme au format attendu pour le pays
4451,Verso Industries SAS,IT,IT,N/A,NA,numero_tva_absent,Numero TVA absent
4454,Corvus Consulting Sp. z o.o.,IT,IT,,,numero_tva_absent,Numero TVA absent
4460,Textil Trading SAS,QQ,QQ,  QQ964068284601 ,QQ964068284601,pays_hors_referentiel_ue,Code pays absent du referentiel UE local
4461,Prima Transports Oy,NL,NL,NL777862001B2,NL777862001B2,format_invalide,Numero nettoye non conforme au format attendu pour le pays
4462,Prima Distribution BV,DK,DK,DK4703489K,DK4703489K,format_invalide,Numero nettoye non conforme au format attendu pour le pays
4465,Vela Services GmbH,SE,SE, ,,numero_tva_absent,Numero TVA absent
4473,Corvus Trading Lda,IT,IT, ,,numero_tva_absent,Numero TVA absent
4476,Atlantic Services SARL,IT,IT,IT.4036447986,IT4036447986,format_invalide,Numero nettoye non conforme au format attendu pour le pays
4478,Corvus Distribution Sp. z o.o.,PT,PT,PT2832933495,PT2832933495,format_invalide,Numero nettoye non conforme au format attendu pour le pays
4501,Atlantic Services SARL,SE,SE, ,,numero_tva_absent,Numero TVA absent
4502,Alpine Materials SpA,SE,SE,SE4H1517969801,SE4H1517969801,format_invalide,Numero nettoye non conforme au format attendu pour le pays
4503,Lumen Foods Sp. z o.o.,PL,PL,8532980090,8532980090,format_invalide,Numero nettoye non conforme au format attendu pour le pays
4507,Baltic Distribution SAS,FI,FI,06361894,06361894,format_invalide,Numero nettoye non conforme au format attendu pour le pays
4511,Vertex Services Oy,LU,LU, ,,numero_tva_absent,Numero TVA absent
4523,Baltic Technologies SAS,BE,BE,BE 1607 8K7638,BE16078K7638,format_invalide,Numero nettoye non conforme au format attendu pour le pays
4526,Atlantic Logistics BV,SE,SE,SE1289106310012,SE1289106310012,format_invalide,Numero nettoye non conforme au format attendu pour le pays
4529,Vela Services GmbH,XX,XX,XX29931811,XX29931811,pays_hors_referentiel_ue,Code pays absent du referentiel UE local
4531,Corvus Services SA,PT,PT,PT57618M780,PT57618M780,format_invalide,Numero nettoye non conforme au format attendu pour le pays
4534,Fabrica Services AB,NL,NL,58.0569925B77,580569925B77,format_invalide,Numero nettoye non conforme au format attendu pour le pays
4535,Meridian Materials GmbH,NL,NL,NL827230527B469,NL827230527B469,format_invalide,Numero nettoye non conforme au format attendu pour le pays
4540,Meridian Logistics SAS,FI,FI, ,,numero_tva_absent,Numero TVA absent
4547,Textil Materials SAS,NL,NL,395566794B40,395566794B40,format_invalide,Numero nettoye non conforme au format attendu pour le pays
4554,Orion Trading Sp. z o.o.,PT,PT,PT1135123502,PT1135123502,format_invalide,Numero nettoye non conforme au format attendu pour le pays
4556,Corvus Services SAS,DK,DK,95928218,95928218,format_invalide,Numero nettoye non conforme au format attendu pour le pays
4559,Lumen Technologies GmbH,NL,NL,N/A,NA,numero_tva_absent,Numero TVA absent
4561,Lumen Technologies Lda,FI,FI,FI6427400,FI6427400,format_invalide,Numero nettoye non conforme au format attendu pour le pays
4568,Papyrus Trading Sp. z o.o.,PT,PT,PT85720315J,PT85720315J,format_invalide,Numero nettoye non conforme au format attendu pour le pays
4569,Delta Materials A/S,IT,IT,IT118899O5778,IT118899O5778,format_invalide,Numero nettoye non conforme au format attendu pour le pays
4570,Textil Logistics BV,DK,DK,DK89342O02,DK89342O02,format_invalide,Numero nettoye non conforme au format attendu pour le pays
4580,Hanse Transports GmbH,FR,FR,FR5961427O082,FR5961427O082,format_invalide,Numero nettoye non conforme au format attendu pour le pays
4581,Baltic Materials Sp. z o.o.,NL,NL,NL1418O1140B78,NL1418O1140B78,format_invalide,Numero nettoye non conforme au format attendu pour le pays
4582,Prima Transports Lda,FI,FI,,,numero_tva_absent,Numero TVA absent
4583,Azur Services Sp. z o.o.,FR,FR,FR54G00987910,FR54G00987910,format_invalide,Numero nettoye non conforme au format attendu pour le pays
4585,Corvus Transports Lda,LU,LU,LU488834464,LU488834464,format_invalide,Numero nettoye non conforme au format attendu pour le pays
4586,Delta Trading BV,FI,FI,FI0620688,FI0620688,format_invalide,Numero nettoye non conforme au format attendu pour le pays
4588,Nord Transports Lda,QQ,QQ,QQ742706801B50,QQ742706801B50,pays_hors_referentiel_ue,Code pays absent du referentiel UE local
4589,Granit Transports SARL,FI,FI,FI89H09933,FI89H09933,format_invalide,Numero nettoye non conforme au format attendu pour le pays
4594,Alpine Industries SpA,FI,FI,FI071670818,FI071670818,format_invalide,Numero nettoye non conforme au format attendu pour le pays
4597,Kappa Trading Sp. z o.o.,FI,FI,99715777,99715777,format_invalide,Numero nettoye non conforme au format attendu pour le pays
4598,Ardent Industries A/S,NL,NL,NL477328544BJ7,NL477328544BJ7,format_invalide,Numero nettoye non conforme au format attendu pour le pays
4602,Vela Transports Oy,LU,LU,13613554,13613554,format_invalide,Numero nettoye non conforme au format attendu pour le pays
4604,Atlantic Materials AB,GB,GB,GB91327831282,GB91327831282,pays_hors_perimetre_vies,Pays present dans le fichier mais hors Union europeenne
4609,Vela Transports SA,DK,DK,DK01J64961,DK01J64961,format_invalide,Numero nettoye non conforme au format attendu pour le pays
4621,Cobalt Distribution NV,PL,PL,6859600257,6859600257,format_invalide,Numero nettoye non conforme au format attendu pour le pays
4626,Atlantic Trading AB,BE,BE,BE046996H733,BE046996H733,format_invalide,Numero nettoye non conforme au format attendu pour le pays
4628,Batavia Consulting Sp. z o.o.,FI,FI,FI5756943,FI5756943,format_invalide,Numero nettoye non conforme au format attendu pour le pays
4630,Verso Distribution SpA,NL,NL,NL128524431BJ2,NL128524431BJ2,format_invalide,Numero nettoye non conforme au format attendu pour le pays
4634,Papyrus Consulting Sp. z o.o.,SE,SE,SE0M4192329501,SE0M4192329501,format_invalide,Numero nettoye non conforme au format attendu pour le pays
4636,Vertex Consulting Oy,DK,DK,  81460655 ,81460655,format_invalide,Numero nettoye non conforme au format attendu pour le pays
4638,Atlantic Consulting Lda,FI,FI,92202389,92202389,format_invalide,Numero nettoye non conforme au format attendu pour le pays
4640,Delta Foods AB,GB,GB,GB02955701938,GB02955701938,pays_hors_perimetre_vies,Pays present dans le fichier mais hors Union europeenne
4641,Metallo Services BV,QQ,QQ,QQ291819660701,QQ291819660701,pays_hors_referentiel_ue,Code pays absent du referentiel UE local
4644,Kappa Materials SAS,NL,NL,253360018B13,253360018B13,format_invalide,Numero nettoye non conforme au format attendu pour le pays
4651,Alpine Logistics Lda,NL,NL,NL744473202B2,NL744473202B2,format_invalide,Numero nettoye non conforme au format attendu pour le pays
4658,Metallo Transports GmbH,LU,LU,LU227290735,LU227290735,format_invalide,Numero nettoye non conforme au format attendu pour le pays
4662,Ardent Materials NV,PL,PL,PL436114037G,PL436114037G,format_invalide,Numero nettoye non conforme au format attendu pour le pays
4665,Corvus Materials Sp. z o.o.,BE,BE,BE022005479,BE022005479,format_invalide,Numero nettoye non conforme au format attendu pour le pays
4678,Global Distribution Sp. z o.o.,FI,FI,FI584988846,FI584988846,format_invalide,Numero nettoye non conforme au format attendu pour le pays
4679,Lumen Foods AB,FR,FR,N/A,NA,numero_tva_absent,Numero TVA absent
4680,Prima Industries Oy,DK,DK,DK0858252,DK0858252,format_invalide,Numero nettoye non conforme au format attendu pour le pays
4683,Granit Logistics Lda,PT,PT,260464449,260464449,format_invalide,Numero nettoye non conforme au format attendu pour le pays
4693,Alpine Industries Lda,ZZ,ZZ,ZZ237692333601,ZZ237692333601,pays_hors_referentiel_ue,Code pays absent du referentiel UE local
4704,Verso Consulting Lda,NL,NL,NL951K78844B87,NL951K78844B87,format_invalide,Numero nettoye non conforme au format attendu pour le pays
4710,Textil Materials Sp. z o.o.,QQ,QQ,QQ09399560565,QQ09399560565,pays_hors_referentiel_ue,Code pays absent du referentiel UE local
4714,Prima Consulting SpA,PL,PL,2504562420,2504562420,format_invalide,Numero nettoye non conforme au format attendu pour le pays
4717,Meridian Distribution SA,GB,GB,GB07754058167,GB07754058167,pays_hors_perimetre_vies,Pays present dans le fichier mais hors Union europeenne
4718,Vertex Consulting BV,SE,SE,SE07169811K101,SE07169811K101,format_invalide,Numero nettoye non conforme au format attendu pour le pays
4724,Vela Distribution SpA,DK,DK,78883464,78883464,format_invalide,Numero nettoye non conforme au format attendu pour le pays
4726,Fabrica Materials BV,LU,LU,LU4575995,LU4575995,format_invalide,Numero nettoye non conforme au format attendu pour le pays
4730,Nord Technologies Oy,FI,FI,FI6710811,FI6710811,format_invalide,Numero nettoye non conforme au format attendu pour le pays
4732,Kappa Trading Oy,NL,NL,NL412114045K59,NL412114045K59,format_invalide,Numero nettoye non conforme au format attendu pour le pays
4736,Meridian Logistics NV,XX,XX,XX106270649201,XX106270649201,pays_hors_referentiel_ue,Code pays absent du referentiel UE local
4738,Vertex Distribution SA,NL,NL,NL056193385B924,NL056193385B924,format_invalide,Numero nettoye non conforme au format attendu pour le pays
4741,Ardent Consulting Sp. z o.o.,SE,SE,817129759401,817129759401,format_invalide,Numero nettoye non conforme au format attendu pour le pays
4742,Meridian Services SARL,IT,IT,83300508567,83300508567,format_invalide,Numero nettoye non conforme au format attendu pour le pays
4746,Global Distribution AB,PL,PL,PLJ721476914,PLJ721476914,format_invalide,Numero nettoye non conforme au format attendu pour le pays
4748,Lusitania Technologies NV,PL,PL,3720509130,3720509130,format_invalide,Numero nettoye non conforme au format attendu pour le pays
4749,Lusitania Industries SA,QQ,QQ,QQ1799149268,QQ1799149268,pays_hors_referentiel_ue,Code pays absent du referentiel UE local
4753,Verso Consulting BV,SE,SE,SE27839118820,SE27839118820,format_invalide,Numero nettoye non conforme au format attendu pour le pays
4755,Baltic Industries SA,PT,PT, ,,numero_tva_absent,Numero TVA absent
4757,Prima Services GmbH,BE,BE,BE184687326,BE184687326,format_invalide,Numero nettoye non conforme au format attendu pour le pays
4759,Solaris Trading BV,SE,SE,SE2195M4984401,SE2195M4984401,format_invalide,Numero nettoye non conforme au format attendu pour le pays
4769,Textil Transports SA,SE,SE,SE04860106480O,SE04860106480O,format_invalide,Numero nettoye non conforme au format attendu pour le pays
4773,Kappa Foods Sp. z o.o.,BE,BE,,,numero_tva_absent,Numero TVA absent
4778,Batavia Logistics A/S,DK,DK,DK0022762,DK0022762,format_invalide,Numero nettoye non conforme au format attendu pour le pays
4784,Vertex Distribution Sp. z o.o.,NL,NL,NL9286G8947B40,NL9286G8947B40,format_invalide,Numero nettoye non conforme au format attendu pour le pays
4787,Solaris Distribution Oy,DK,DK,DK8996763H,DK8996763H,format_invalide,Numero nettoye non conforme au format attendu pour le pays
4794,Batavia Consulting SA,SE,SE,330594445001,330594445001,format_invalide,Numero nettoye non conforme au format attendu pour le pays
4797,Fabrica Logistics Oy,FI,FI,FI301495196,FI301495196,format_invalide,Numero nettoye non conforme au format attendu pour le pays
4798,Azur Industries SpA,BE,BE,BE021067835,BE021067835,format_invalide,Numero nettoye non conforme au format attendu pour le pays
4799,Textil Distribution SARL,GB,GB,GB79469483,GB79469483,pays_hors_perimetre_vies,Pays present dans le fichier mais hors Union europeenne
4800,Delta Trading SAS,ZZ,ZZ,ZZ72341220,ZZ72341220,pays_hors_referentiel_ue,Code pays absent du referentiel UE local
4804,Baltic Transports Oy,DK,DK,DK007628654,DK007628654,format_invalide,Numero nettoye non conforme au format attendu pour le pays
4810,Baltic Transports SARL,DK,DK,DKJ8867019,DKJ8867019,format_invalide,Numero nettoye non conforme au format attendu pour le pays
4813,Delta Foods Sp. z o.o.,BE,BE,0618886625,0618886625,format_invalide,Numero nettoye non conforme au format attendu pour le pays
4816,Solaris Services BV,DK,DK,29302804,29302804,format_invalide,Numero nettoye non conforme au format attendu pour le pays
4818,Global Trading A/S,IT,IT,15 8519 14620,15851914620,format_invalide,Numero nettoye non conforme au format attendu pour le pays
4819,Cobalt Industries Lda,BE,BE,0858749413,0858749413,format_invalide,Numero nettoye non conforme au format attendu pour le pays
4822,Textil Trading Sp. z o.o.,FR,FR,FR778785K3904,FR778785K3904,format_invalide,Numero nettoye non conforme au format attendu pour le pays
4823,Alpine Trading A/S,NL,NL,990697460B96,990697460B96,format_invalide,Numero nettoye non conforme au format attendu pour le pays
4826,Kappa Services BV,BE,BE,BE16630338210,BE16630338210,format_invalide,Numero nettoye non conforme au format attendu pour le pays
4827,Alpine Transports Sp. z o.o.,PT,PT,PT62672393,PT62672393,format_invalide,Numero nettoye non conforme au format attendu pour le pays
4829,Ardent Consulting Sp. z o.o.,UK,UK,UK790551705,UK790551705,pays_hors_perimetre_vies,Pays present dans le fichier mais hors Union europeenne
4833,Meridian Industries SAS,PL,PL,PL772M885911,PL772M885911,format_invalide,Numero nettoye non conforme au format attendu pour le pays
4840,Lumen Consulting AB,FI,FI,FI8231762,FI8231762,format_invalide,Numero nettoye non conforme au format attendu pour le pays
4845,Lumen Foods SAS,PT,PT,PT72521724O,PT72521724O,format_invalide,Numero nettoye non conforme au format attendu pour le pays
4847,Atlantic Foods SA,FR,FR,FR719356089938,FR719356089938,format_invalide,Numero nettoye non conforme au format attendu pour le pays
4855,Batavia Technologies Sp. z o.o.,DK,DK,DK4245174,DK4245174,format_invalide,Numero nettoye non conforme au format attendu pour le pays
4857,Metallo Logistics SARL,FI,FI,FI2807368,FI2807368,format_invalide,Numero nettoye non conforme au format attendu pour le pays
4862,Verso Technologies GmbH,NL,NL, ,,numero_tva_absent,Numero TVA absent
4863,Nord Transports SpA,NL,NL,382869084B80,382869084B80,format_invalide,Numero nettoye non conforme au format attendu pour le pays
4867,Lumen Technologies GmbH,DK,DK,,,numero_tva_absent,Numero TVA absent
4874,Ardent Consulting BV,LU,LU,LU681399156,LU681399156,format_invalide,Numero nettoye non conforme au format attendu pour le pays
4877,Batavia Technologies BV,FR,FR,FR1585G539306,FR1585G539306,format_invalide,Numero nettoye non conforme au format attendu pour le pays
4880,Cobalt Industries SAS,IT,IT,IT327206173427,IT327206173427,format_invalide,Numero nettoye non conforme au format attendu pour le pays
4886,Azur Industries SARL,PT,PT,PT59K386169,PT59K386169,format_invalide,Numero nettoye non conforme au format attendu pour le pays
4890,Solaris Consulting AB,ZZ,ZZ,ZZ97322166139,ZZ97322166139,pays_hors_referentiel_ue,Code pays absent du referentiel UE local
4893,Nord Distribution SA,PL,PL,8078418441,8078418441,format_invalide,Numero nettoye non conforme au format attendu pour le pays
4896,Lumen Materials GmbH,BE,BE,-,,numero_tva_absent,Numero TVA absent
4897,Meridian Technologies A/S,LU,LU,N/A,NA,numero_tva_absent,Numero TVA absent
4904,Lumen Technologies BV,NL,NL,749052673B28,749052673B28,format_invalide,Numero nettoye non conforme au format attendu pour le pays
4911,Meridian Industries BV,DK,DK,DK3M631341,DK3M631341,format_invalide,Numero nettoye non conforme au format attendu pour le pays
4912,Prima Technologies Oy,GB,GB,GB768649258301,GB768649258301,pays_hors_perimetre_vies,Pays present dans le fichier mais hors Union europeenne
4925,Vela Consulting Lda,QQ,QQ,QQ3201448861,QQ3201448861,pays_hors_referentiel_ue,Code pays absent du referentiel UE local
4926,Granit Industries Oy,PL,PL,PL404931640,PL404931640,format_invalide,Numero nettoye non conforme au format attendu pour le pays
4929,Solaris Services SA,PT,PT,230848648,230848648,format_invalide,Numero nettoye non conforme au format attendu pour le pays
4932,Baltic Consulting A/S,BE,BE,BE175K958579,BE175K958579,format_invalide,Numero nettoye non conforme au format attendu pour le pays
4933,Papyrus Technologies GmbH,ZZ,ZZ,ZZ87609477118,ZZ87609477118,pays_hors_referentiel_ue,Code pays absent du referentiel UE local
4940,Lumen Industries Sp. z o.o.,BE,BE,BE09945093M6,BE09945093M6,format_invalide,Numero nettoye non conforme au format attendu pour le pays
4941,Alpine Distribution A/S,DK,DK,DK8945244,DK8945244,format_invalide,Numero nettoye non conforme au format attendu pour le pays
4942,Solaris Consulting GmbH,ZZ,ZZ,ZZ60043485,ZZ60043485,pays_hors_referentiel_ue,Code pays absent du referentiel UE local
4945,Cobalt Industries A/S,XX,XX,XX0754414431,XX0754414431,pays_hors_referentiel_ue,Code pays absent du referentiel UE local
4950,Lumen Materials Sp. z o.o.,PL,PL,PL796223799O,PL796223799O,format_invalide,Numero nettoye non conforme au format attendu pour le pays
4954,Global Foods GmbH,XX,XX,XX22965110,XX22965110,pays_hors_referentiel_ue,Code pays absent du referentiel UE local
4966,Batavia Materials SARL,FI,FI,FI6048921,FI6048921,format_invalide,Numero nettoye non conforme au format attendu pour le pays
4973,Nord Transports SAS,SE,SE,-,,numero_tva_absent,Numero TVA absent
4977,Verso Logistics Lda,NL,NL,NL9774M7997B15,NL9774M7997B15,format_invalide,Numero nettoye non conforme au format attendu pour le pays
4984,Orion Distribution Oy,IT,IT,IT4342482308,IT4342482308,format_invalide,Numero nettoye non conforme au format attendu pour le pays
4985,Orion Consulting AB,SE,SE,SE40750303630,SE40750303630,format_invalide,Numero nettoye non conforme au format attendu pour le pays
4986,Corvus Materials SARL,LU,LU,39162626,39162626,format_invalide,Numero nettoye non conforme au format attendu pour le pays
4988,Ardent Foods SA,SE,SE,SE7464356224019,SE7464356224019,format_invalide,Numero nettoye non conforme au format attendu pour le pays
4991,Meridian Technologies SA,LU,LU,LU3202634,LU3202634,format_invalide,Numero nettoye non conforme au format attendu pour le pays
4993,Alpine Services SpA,FR,FR,FR536579559936,FR536579559936,format_invalide,Numero nettoye non conforme au format attendu pour le pays
4995,Hanse Technologies GmbH,PL,PL,PL10979438544,PL10979438544,format_invalide,Numero nettoye non conforme au format attendu pour le pays
5002,Lusitania Logistics NV,FI,FI,74096682,74096682,format_invalide,Numero nettoye non conforme au format attendu pour le pays
5004,Delta Foods GmbH,FI,FI, ,,numero_tva_absent,Numero TVA absent
5009,Solaris Foods Lda,DK,DK,DK249590311,DK249590311,format_invalide,Numero nettoye non conforme au format attendu pour le pays
5012,Prima Industries A/S,GB,GB,GB1165727153,GB1165727153,pays_hors_perimetre_vies,Pays present dans le fichier mais hors Union europeenne
5015,Azur Logistics AB,NL,NL,NL413870297B900,NL413870297B900,format_invalide,Numero nettoye non conforme au format attendu pour le pays
5020,Global Distribution Sp. z o.o.,FI,FI, ,,numero_tva_absent,Numero TVA absent
5023,Baltic Distribution A/S,BE,BE,BE0O41586517,BE0O41586517,format_invalide,Numero nettoye non conforme au format attendu pour le pays
5024,Alpine Foods GmbH,FI,FI,94787579,94787579,format_invalide,Numero nettoye non conforme au format attendu pour le pays
5032,Delta Technologies SA,XX,XX,XX028344042B60,XX028344042B60,pays_hors_referentiel_ue,Code pays absent du referentiel UE local
5038,Fabrica Materials Oy,SE,SE,SE5435104004G1,SE5435104004G1,format_invalide,Numero nettoye non conforme au format attendu pour le pays
5044,Batavia Distribution SARL,QQ,QQ,QQ0161530734,QQ0161530734,pays_hors_referentiel_ue,Code pays absent du referentiel UE local
5045,Cobalt Logistics Oy,DK,DK,null,NULL,numero_tva_absent,Numero TVA absent
5049,Alpine Services SpA,PL,PL,PL226051829,PL226051829,format_invalide,Numero nettoye non conforme au format attendu pour le pays
5051,Meridian Transports SARL,FI,FI,42437091,42437091,format_invalide,Numero nettoye non conforme au format attendu pour le pays
5052,Verso Services Oy,QQ,QQ,QQ1715391055,QQ1715391055,pays_hors_referentiel_ue,Code pays absent du referentiel UE local
5055,Granit Services A/S,NL,NL,NL7J7888987B67,NL7J7888987B67,format_invalide,Numero nettoye non conforme au format attendu pour le pays
5069,Azur Distribution SA,XX,XX,XX5584885226,XX5584885226,pays_hors_referentiel_ue,Code pays absent du referentiel UE local
5072,Papyrus Distribution Lda,SE,SE,SE3031K5394801,SE3031K5394801,format_invalide,Numero nettoye non conforme au format attendu pour le pays
5073,Global Distribution Lda,BE,BE,1530182918,1530182918,format_invalide,Numero nettoye non conforme au format attendu pour le pays
5075,Textil Logistics SAS,SE,SE,SE393O09883101,SE393O09883101,format_invalide,Numero nettoye non conforme au format attendu pour le pays
5079,Global Logistics AB,IT,IT,IT59442M72921,IT59442M72921,format_invalide,Numero nettoye non conforme au format attendu pour le pays
5080,Fabrica Transports A/S,PL,PL,-,,numero_tva_absent,Numero TVA absent
5082,Azur Trading SpA,SE,SE,SE39227387560,SE39227387560,format_invalide,Numero nettoye non conforme au format attendu pour le pays
5085,Atlantic Transports NV,UK,UK,UK01564781,UK01564781,pays_hors_perimetre_vies,Pays present dans le fichier mais hors Union europeenne
5088,Vela Logistics NV,PT,PT,PT54220091,PT54220091,format_invalide,Numero nettoye non conforme au format attendu pour le pays
5089,Azur Logistics GmbH,FI,FI,,,numero_tva_absent,Numero TVA absent
5095,Azur Foods Sp. z o.o.,SE,SE,833007627701,833007627701,format_invalide,Numero nettoye non conforme au format attendu pour le pays
5105,Granit Technologies SARL,PT,PT,PTG62869454,PTG62869454,format_invalide,Numero nettoye non conforme au format attendu pour le pays
5106,Global Technologies AB,PL,PL,PL502071961,PL502071961,format_invalide,Numero nettoye non conforme au format attendu pour le pays
5112,Azur Foods SAS,DK,DK,DK6K399097,DK6K399097,format_invalide,Numero nettoye non conforme au format attendu pour le pays
5122,Global Foods A/S,NL,NL,424166045B72,424166045B72,format_invalide,Numero nettoye non conforme au format attendu pour le pays
5123,Ardent Consulting AB,SE,SE,656178108601,656178108601,format_invalide,Numero nettoye non conforme au format attendu pour le pays
5125,Delta Technologies AB,DK,DK,79034983,79034983,format_invalide,Numero nettoye non conforme au format attendu pour le pays
5126,Corvus Distribution BV,SE,SE,421362844101,421362844101,format_invalide,Numero nettoye non conforme au format attendu pour le pays
5130,Cobalt Materials SA,XX,XX,XX68993685442,XX68993685442,pays_hors_referentiel_ue,Code pays absent du referentiel UE local
5145,Kappa Distribution SARL,FI,FI, ,,numero_tva_absent,Numero TVA absent
5147,Azur Logistics BV,IT,IT,64765343641,64765343641,format_invalide,Numero nettoye non conforme au format attendu pour le pays
5154,Alpine Logistics NV,FI,FI,FI4403585K,FI4403585K,format_invalide,Numero nettoye non conforme au format attendu pour le pays
5158,Fabrica Trading A/S,NL,NL,NL857476622B627,NL857476622B627,format_invalide,Numero nettoye non conforme au format attendu pour le pays
5160,Atlantic Foods Lda,SE,SE,SE0065706202018,SE0065706202018,format_invalide,Numero nettoye non conforme au format attendu pour le pays
5161,Fabrica Transports Lda,ZZ,ZZ,ZZ646016143001,ZZ646016143001,pays_hors_referentiel_ue,Code pays absent du referentiel UE local
5169,Verso Foods SAS,BE,BE,BE166079470,BE166079470,format_invalide,Numero nettoye non conforme au format attendu pour le pays
5170,Metallo Distribution Sp. z o.o.,FI,FI,FI497328431,FI497328431,format_invalide,Numero nettoye non conforme au format attendu pour le pays
5171,Papyrus Logistics SpA,DK,DK,DK6121000,DK6121000,format_invalide,Numero nettoye non conforme au format attendu pour le pays
5175,Vela Services SARL,DK,DK,45505774,45505774,format_invalide,Numero nettoye non conforme au format attendu pour le pays
5196,Azur Foods SARL,UK,UK,UK343560629201,UK343560629201,pays_hors_perimetre_vies,Pays present dans le fichier mais hors Union europeenne
5197,Granit Services A/S,SE,SE,SE3071157998014,SE3071157998014,format_invalide,Numero nettoye non conforme au format attendu pour le pays
5200,Granit Materials GmbH,FI,FI,fi849155738,FI849155738,format_invalide,Numero nettoye non conforme au format attendu pour le pays
5210,Nord Distribution Lda,NL,NL,NL979610230B388,NL979610230B388,format_invalide,Numero nettoye non conforme au format attendu pour le pays
5222,Global Industries Sp. z o.o.,FR,FR,72235477899,72235477899,format_invalide,Numero nettoye non conforme au format attendu pour le pays
5228,Alpine Trading NV,BE,BE,BE027968584,BE027968584,format_invalide,Numero nettoye non conforme au format attendu pour le pays
5231,Atlantic Services AB,PT,PT,PT3246493049,PT3246493049,format_invalide,Numero nettoye non conforme au format attendu pour le pays
5234,Batavia Foods BV,GB,GB,GB205545017,GB205545017,pays_hors_perimetre_vies,Pays present dans le fichier mais hors Union europeenne
5236,Kappa Logistics Oy,FI,FI,,,numero_tva_absent,Numero TVA absent
5243,Hanse Technologies GmbH,FR,FR,FR0228518817O,FR0228518817O,format_invalide,Numero nettoye non conforme au format attendu pour le pays
5252,Granit Logistics SA,QQ,QQ,QQ19312119,QQ19312119,pays_hors_referentiel_ue,Code pays absent du referentiel UE local
5254,Baltic Distribution A/S,DK,DK,null,NULL,numero_tva_absent,Numero TVA absent
5255,Verso Materials AB,UK,UK,UK602869821B40,UK602869821B40,pays_hors_perimetre_vies,Pays present dans le fichier mais hors Union europeenne
5257,Prima Logistics Lda,FI,FI,FI467J7761,FI467J7761,format_invalide,Numero nettoye non conforme au format attendu pour le pays
5258,Granit Distribution GmbH,FI,FI,16549823,16549823,format_invalide,Numero nettoye non conforme au format attendu pour le pays
5259,Delta Materials Lda,ZZ,ZZ,ZZ6854186534,ZZ6854186534,pays_hors_referentiel_ue,Code pays absent du referentiel UE local
5264,Verso Distribution BV,XX,XX,XX272417932B59,XX272417932B59,pays_hors_referentiel_ue,Code pays absent du referentiel UE local
5265,Vela Technologies SA,LU,LU,LU5543384,LU5543384,format_invalide,Numero nettoye non conforme au format attendu pour le pays
5266,Solaris Industries A/S,PT,PT,PT97157873O,PT97157873O,format_invalide,Numero nettoye non conforme au format attendu pour le pays
5268,Kappa Logistics SA,BE,BE,-,,numero_tva_absent,Numero TVA absent
5275,Delta Materials SAS,IT,IT,IT0723M366453,IT0723M366453,format_invalide,Numero nettoye non conforme au format attendu pour le pays
5278,Verso Distribution BV,LU,LU,LU235771102,LU235771102,format_invalide,Numero nettoye non conforme au format attendu pour le pays
5280,Atlantic Industries Sp. z o.o.,NL,NL,030954459B17,030954459B17,format_invalide,Numero nettoye non conforme au format attendu pour le pays
5283,Lumen Distribution A/S,FI,FI,FI979G8746,FI979G8746,format_invalide,Numero nettoye non conforme au format attendu pour le pays
5284,Vela Foods BV,PL,PL,PL7481399H69,PL7481399H69,format_invalide,Numero nettoye non conforme au format attendu pour le pays
5305,Orion Transports Sp. z o.o.,XX,XX,XX03264781,XX03264781,pays_hors_referentiel_ue,Code pays absent du referentiel UE local
5307,Kappa Logistics SA,PT,PT,608732281,608732281,format_invalide,Numero nettoye non conforme au format attendu pour le pays
5314,Lusitania Distribution Oy,PT,PT,PT9581389748,PT9581389748,format_invalide,Numero nettoye non conforme au format attendu pour le pays
5319,Lumen Transports SA,FR,FR,FR5871510561,FR5871510561,format_invalide,Numero nettoye non conforme au format attendu pour le pays
5324,Lusitania Transports GmbH,NL,NL,913629686B19,913629686B19,format_invalide,Numero nettoye non conforme au format attendu pour le pays
5325,Vertex Services SA,NL,NL,530029133B23,530029133B23,format_invalide,Numero nettoye non conforme au format attendu pour le pays
5330,Azur Consulting GmbH,IT,IT,IT711015818H5,IT711015818H5,format_invalide,Numero nettoye non conforme au format attendu pour le pays
5333,Baltic Foods SA,XX,XX,XX1381274555,XX1381274555,pays_hors_referentiel_ue,Code pays absent du referentiel UE local
5335,Delta Industries SAS,IT,IT,IT6062J896356,IT6062J896356,format_invalide,Numero nettoye non conforme au format attendu pour le pays
5338,Metallo Logistics AB,DK,DK,DK8039915,DK8039915,format_invalide,Numero nettoye non conforme au format attendu pour le pays
5349,Prima Materials A/S,ZZ,ZZ,ZZ491557264,ZZ491557264,pays_hors_referentiel_ue,Code pays absent du referentiel UE local
5352,Global Foods Oy,SE,SE,164745959101,164745959101,format_invalide,Numero nettoye non conforme au format attendu pour le pays
5360,Cobalt Distribution SAS,PT,PT,711298793,711298793,format_invalide,Numero nettoye non conforme au format attendu pour le pays
5368,Kappa Services Sp. z o.o.,QQ,QQ,QQ77543082,QQ77543082,pays_hors_referentiel_ue,Code pays absent du referentiel UE local
5369,Verso Industries Oy,LU,LU,30643205,30643205,format_invalide,Numero nettoye non conforme au format attendu pour le pays
5377,Delta Technologies Oy,UK,UK,UK902384473,UK902384473,pays_hors_perimetre_vies,Pays present dans le fichier mais hors Union europeenne
5378,Granit Technologies SpA,PL,PL,pl87970490k3,PL87970490K3,format_invalide,Numero nettoye non conforme au format attendu pour le pays
5379,Lumen Industries SARL,UK,UK,UK288175499B06,UK288175499B06,pays_hors_perimetre_vies,Pays present dans le fichier mais hors Union europeenne
5382,Delta Technologies BV,UK,UK,UK80821708,UK80821708,pays_hors_perimetre_vies,Pays present dans le fichier mais hors Union europeenne
5386,Kappa Distribution SARL,FI,FI, ,,numero_tva_absent,Numero TVA absent
5388,Solaris Trading SpA,GB,GB,GB77748159599,GB77748159599,pays_hors_perimetre_vies,Pays present dans le fichier mais hors Union europeenne
5394,Delta Materials SAS,SE,SE,575269343101,575269343101,format_invalide,Numero nettoye non conforme au format attendu pour le pays
5399,Azur Trading GmbH,GB,GB,GB8210372580,GB8210372580,pays_hors_perimetre_vies,Pays present dans le fichier mais hors Union europeenne
5401,Meridian Transports NV,DK,DK,DK1725535,DK1725535,format_invalide,Numero nettoye non conforme au format attendu pour le pays
5402,Verso Trading Oy,SE,SE,,,numero_tva_absent,Numero TVA absent
5405,Nord Consulting Oy,SE,SE,SE19193571350,SE19193571350,format_invalide,Numero nettoye non conforme au format attendu pour le pays
5407,Corvus Technologies NV,LU,LU,LU367383800,LU367383800,format_invalide,Numero nettoye non conforme au format attendu pour le pays
5408,Vertex Industries A/S,FR,FR,FR692888819271,FR692888819271,format_invalide,Numero nettoye non conforme au format attendu pour le pays
5412,Vela Transports BV,PL,PL,9394459296,9394459296,format_invalide,Numero nettoye non conforme au format attendu pour le pays
5414,Cobalt Consulting BV,FR,FR,FR202487034G6,FR202487034G6,format_invalide,Numero nettoye non conforme au format attendu pour le pays
5418,Cobalt Industries A/S,BE,BE,BE024212496K,BE024212496K,format_invalide,Numero nettoye non conforme au format attendu pour le pays
5419,Textil Industries BV,BE,BE,,,numero_tva_absent,Numero TVA absent
5420,Hanse Distribution GmbH,LU,LU,LU782539516,LU782539516,format_invalide,Numero nettoye non conforme au format attendu pour le pays
5423,Lumen Materials AB,UK,UK,UK38148131,UK38148131,pays_hors_perimetre_vies,Pays present dans le fichier mais hors Union europeenne
5427,Corvus Materials A/S,FI,FI,60021022,60021022,format_invalide,Numero nettoye non conforme au format attendu pour le pays
5434,Delta Logistics AB,FR,FR,FR4649005610,FR4649005610,format_invalide,Numero nettoye non conforme au format attendu pour le pays
5437,Lusitania Logistics Oy,IT,IT,IT0281740570,IT0281740570,format_invalide,Numero nettoye non conforme au format attendu pour le pays
5438,Meridian Distribution BV,FI,FI,80343715,80343715,format_invalide,Numero nettoye non conforme au format attendu pour le pays
5448,Solaris Services Lda,FR,FR,FR3871259987O,FR3871259987O,format_invalide,Numero nettoye non conforme au format attendu pour le pays
5449,Corvus Services A/S,PT,PT,423202294,423202294,format_invalide,Numero nettoye non conforme au format attendu pour le pays
5450,Corvus Foods BV,FR,FR,-,,numero_tva_absent,Numero TVA absent
5451,Atlantic Consulting SpA,IT,IT,IT.757930G3312,IT757930G3312,format_invalide,Numero nettoye non conforme au format attendu pour le pays
5452,Global Industries NV,BE,BE,0493045357,0493045357,format_invalide,Numero nettoye non conforme au format attendu pour le pays
5456,Verso Industries SAS,NL,NL,NL381540698B603,NL381540698B603,format_invalide,Numero nettoye non conforme au format attendu pour le pays
5457,Ardent Logistics NV,DK,DK,DKM1087064,DKM1087064,format_invalide,Numero nettoye non conforme au format attendu pour le pays
5462,Granit Consulting BV,PT,PT,PT8884K3433,PT8884K3433,format_invalide,Numero nettoye non conforme au format attendu pour le pays
5471,Global Services GmbH,NL,NL,NL820169651B231,NL820169651B231,format_invalide,Numero nettoye non conforme au format attendu pour le pays
5474,Ardent Consulting BV,FI,FI,37348465,37348465,format_invalide,Numero nettoye non conforme au format attendu pour le pays
5478,Vela Technologies SpA,SE,SE,SE39438760720,SE39438760720,format_invalide,Numero nettoye non conforme au format attendu pour le pays
5479,Fabrica Materials Oy,NL,NL,186034209B73,186034209B73,format_invalide,Numero nettoye non conforme au format attendu pour le pays
5483,Vertex Technologies NV,BE,BE,0724642359,0724642359,format_invalide,Numero nettoye non conforme au format attendu pour le pays
5484,Batavia Foods SpA,NL,NL,NL795917429B8,NL795917429B8,format_invalide,Numero nettoye non conforme au format attendu pour le pays
5485,Lusitania Trading BV,IT,IT,IT807283G5635,IT807283G5635,format_invalide,Numero nettoye non conforme au format attendu pour le pays
5491,Nord Distribution BV,NL,NL,915384474B41,915384474B41,format_invalide,Numero nettoye non conforme au format attendu pour le pays
5499,Metallo Materials SA,FI,FI,FI5055635,FI5055635,format_invalide,Numero nettoye non conforme au format attendu pour le pays
5505,Baltic Industries SA,QQ,QQ,QQ83989603,QQ83989603,pays_hors_referentiel_ue,Code pays absent du referentiel UE local
5510,Global Materials BV,LU,LU,41266662,41266662,format_invalide,Numero nettoye non conforme au format attendu pour le pays
5516,Verso Consulting SpA,DK,DK,DK1373633,DK1373633,format_invalide,Numero nettoye non conforme au format attendu pour le pays
5519,Kappa Services Oy,PT,PT,PT8643222G8,PT8643222G8,format_invalide,Numero nettoye non conforme au format attendu pour le pays
5524,Hanse Consulting Oy,SE,SE,SE43043388H601,SE43043388H601,format_invalide,Numero nettoye non conforme au format attendu pour le pays
5525,Granit Transports SAS,LU,LU,LU 9750 747J,LU9750747J,format_invalide,Numero nettoye non conforme au format attendu pour le pays
5527,Papyrus Technologies SA,NL,NL,NL89213806HB03,NL89213806HB03,format_invalide,Numero nettoye non conforme au format attendu pour le pays
5530,Corvus Trading SARL,GB,GB,GB43161370924,GB43161370924,pays_hors_perimetre_vies,Pays present dans le fichier mais hors Union europeenne
5533,Delta Trading SA,IT,IT,IT45J46955872,IT45J46955872,format_invalide,Numero nettoye non conforme au format attendu pour le pays
5534,Metallo Transports SA,GB,GB,GB0789893863,GB0789893863,pays_hors_perimetre_vies,Pays present dans le fichier mais hors Union europeenne
5538,Lusitania Materials SAS,DK,DK,DK401190784,DK401190784,format_invalide,Numero nettoye non conforme au format attendu pour le pays
5540,Vela Trading BV,IT,IT,15784391524,15784391524,format_invalide,Numero nettoye non conforme au format attendu pour le pays
5544,Alpine Trading GmbH,UK,UK,UK14148452,UK14148452,pays_hors_perimetre_vies,Pays present dans le fichier mais hors Union europeenne
5545,Azur Services BV,PT,PT,PT7473600O7,PT7473600O7,format_invalide,Numero nettoye non conforme au format attendu pour le pays
5546,Atlantic Materials Oy,DK,DK, ,,numero_tva_absent,Numero TVA absent
5547,Lumen Services GmbH,GB,GB,GB96920227000,GB96920227000,pays_hors_perimetre_vies,Pays present dans le fichier mais hors Union europeenne
5550,Batavia Technologies GmbH,XX,XX,XX75620749,XX75620749,pays_hors_referentiel_ue,Code pays absent du referentiel UE local
5551,Lumen Transports Oy,IT,IT,IT0613O561901,IT0613O561901,format_invalide,Numero nettoye non conforme au format attendu pour le pays
5555,Vertex Technologies GmbH,PL,PL,PL58844341669,PL58844341669,format_invalide,Numero nettoye non conforme au format attendu pour le pays
5557,Atlantic Logistics SpA,DK,DK,DK660317801,DK660317801,format_invalide,Numero nettoye non conforme au format attendu pour le pays
5559,Lumen Industries SAS,QQ,QQ,QQ106562745B13,QQ106562745B13,pays_hors_referentiel_ue,Code pays absent du referentiel UE local
5560,Azur Technologies A/S,QQ,QQ,QQ880438034B29,QQ880438034B29,pays_hors_referentiel_ue,Code pays absent du referentiel UE local
5562,Verso Industries NV,FR,FR,-,,numero_tva_absent,Numero TVA absent
5564,Fabrica Industries NV,DK,DK,09576215,09576215,format_invalide,Numero nettoye non conforme au format attendu pour le pays
5567,Atlantic Materials Oy,NL,NL,095680639B96,095680639B96,format_invalide,Numero nettoye non conforme au format attendu pour le pays
5569,Ardent Distribution NV,NL,NL,NL626617650B5,NL626617650B5,format_invalide,Numero nettoye non conforme au format attendu pour le pays
5579,Solaris Consulting SARL,FI,FI,39561139,39561139,format_invalide,Numero nettoye non conforme au format attendu pour le pays
5592,Batavia Industries Lda,IT,IT,49693517895,49693517895,format_invalide,Numero nettoye non conforme au format attendu pour le pays
5595,Alpine Industries SpA,ZZ,ZZ,ZZ1747565760,ZZ1747565760,pays_hors_referentiel_ue,Code pays absent du referentiel UE local
5602,Global Technologies Oy,GB,GB,GB960674629601,GB960674629601,pays_hors_perimetre_vies,Pays present dans le fichier mais hors Union europeenne
5607,Orion Materials A/S,BE,BE,BE1372J67197,BE1372J67197,format_invalide,Numero nettoye non conforme au format attendu pour le pays
5612,Papyrus Consulting SA,FR,FR,44252607734,44252607734,format_invalide,Numero nettoye non conforme au format attendu pour le pays
5614,Vertex Consulting AB,DK,DK,94746175,94746175,format_invalide,Numero nettoye non conforme au format attendu pour le pays
5622,Azur Industries AB,FR,FR,FR914397417O4,FR914397417O4,format_invalide,Numero nettoye non conforme au format attendu pour le pays
5627,Kappa Consulting SARL,DK,DK,DK5406G440,DK5406G440,format_invalide,Numero nettoye non conforme au format attendu pour le pays
5629,Papyrus Technologies Sp. z o.o.,SE,SE,SE85188823300,SE85188823300,format_invalide,Numero nettoye non conforme au format attendu pour le pays
5631,Delta Distribution SA,DK,DK,DK964289O1,DK964289O1,format_invalide,Numero nettoye non conforme au format attendu pour le pays
5632,Baltic Industries AB,QQ,QQ,QQ41209061799,QQ41209061799,pays_hors_referentiel_ue,Code pays absent du referentiel UE local
5635,Meridian Trading Oy,NL,NL,-,,numero_tva_absent,Numero TVA absent
5637,Atlantic Consulting A/S,FR,FR,-,,numero_tva_absent,Numero TVA absent
5640,Ardent Distribution Sp. z o.o.,PL,PL,6201858827,6201858827,format_invalide,Numero nettoye non conforme au format attendu pour le pays
5641,Orion Technologies Oy,NL,NL, ,,numero_tva_absent,Numero TVA absent
5648,Prima Technologies A/S,NL,NL,NL664146120B3K,NL664146120B3K,format_invalide,Numero nettoye non conforme au format attendu pour le pays
5651,Lumen Distribution Sp. z o.o.,ZZ,ZZ,ZZ25614581302,ZZ25614581302,pays_hors_referentiel_ue,Code pays absent du referentiel UE local
5653,Batavia Transports SpA,PT,PT,PT40391H913,PT40391H913,format_invalide,Numero nettoye non conforme au format attendu pour le pays
5659,Textil Services SpA,NL,NL,NL717862999B288,NL717862999B288,format_invalide,Numero nettoye non conforme au format attendu pour le pays
5660,Solaris Trading AB,DK,DK,DK3942606,DK3942606,format_invalide,Numero nettoye non conforme au format attendu pour le pays
5666,Atlantic Materials SAS,PL,PL,PL96862652970,PL96862652970,format_invalide,Numero nettoye non conforme au format attendu pour le pays
5669,Baltic Distribution SAS,NL,NL,NL669G86184B19,NL669G86184B19,format_invalide,Numero nettoye non conforme au format attendu pour le pays
5672,Corvus Materials SA,IT,IT,IT8330647032K,IT8330647032K,format_invalide,Numero nettoye non conforme au format attendu pour le pays
5673,Batavia Transports Sp. z o.o.,FR,FR,FR532169407J0,FR532169407J0,format_invalide,Numero nettoye non conforme au format attendu pour le pays
5678,Vertex Technologies NV,SE,SE,SE86808842210,SE86808842210,format_invalide,Numero nettoye non conforme au format attendu pour le pays
5681,Prima Foods BV,PL,PL,2952715782,2952715782,format_invalide,Numero nettoye non conforme au format attendu pour le pays
5685,Baltic Technologies A/S,SE,SE,SE46986H897901,SE46986H897901,format_invalide,Numero nettoye non conforme au format attendu pour le pays
5698,Corvus Distribution NV,DK,DK,-,,numero_tva_absent,Numero TVA absent
5705,Verso Services SARL,FR,FR,FR928322278559,FR928322278559,format_invalide,Numero nettoye non conforme au format attendu pour le pays
5708,Solaris Distribution Sp. z o.o.,QQ,QQ,QQ351565370,QQ351565370,pays_hors_referentiel_ue,Code pays absent du referentiel UE local
5713,Granit Trading Oy,DK,DK,DK3255728,DK3255728,format_invalide,Numero nettoye non conforme au format attendu pour le pays
5720,Papyrus Foods SAS,SE,SE,SE0408424H2201,SE0408424H2201,format_invalide,Numero nettoye non conforme au format attendu pour le pays
5721,Atlantic Foods Lda,SE,SE,SE.0065706202018,SE0065706202018,format_invalide,Numero nettoye non conforme au format attendu pour le pays
5730,Lusitania Foods AB,GB,GB,GB51530407,GB51530407,pays_hors_perimetre_vies,Pays present dans le fichier mais hors Union europeenne
5733,Global Transports SA,NL,NL,NL417555386B7,NL417555386B7,format_invalide,Numero nettoye non conforme au format attendu pour le pays
5734,Atlantic Logistics SAS,FI,FI,FI0178608,FI0178608,format_invalide,Numero nettoye non conforme au format attendu pour le pays
5735,Textil Foods SA,LU,LU,,,numero_tva_absent,Numero TVA absent
5738,Prima Services AB,FR,FR,FR835518J7958,FR835518J7958,format_invalide,Numero nettoye non conforme au format attendu pour le pays
5740,Fabrica Transports BV,ZZ,ZZ,ZZ37806885,ZZ37806885,pays_hors_referentiel_ue,Code pays absent du referentiel UE local
5744,Vela Trading GmbH,FI,FI,FI9O112814,FI9O112814,format_invalide,Numero nettoye non conforme au format attendu pour le pays
5745,Azur Trading NV,XX,XX,XX784847678B20,XX784847678B20,pays_hors_referentiel_ue,Code pays absent du referentiel UE local
5746,Papyrus Distribution GmbH,ZZ,ZZ,ZZ1370967811,ZZ1370967811,pays_hors_referentiel_ue,Code pays absent du referentiel UE local
5749,Fabrica Materials SpA,PL,PL,PL663M900695,PL663M900695,format_invalide,Numero nettoye non conforme au format attendu pour le pays
5756,Meridian Distribution Lda,IT,IT,IT7474990253,IT7474990253,format_invalide,Numero nettoye non conforme au format attendu pour le pays
5757,Atlantic Services SAS,FI,FI,FIJ6892921,FIJ6892921,format_invalide,Numero nettoye non conforme au format attendu pour le pays
5762,Meridian Industries SARL,LU,LU,25584458,25584458,format_invalide,Numero nettoye non conforme au format attendu pour le pays
5767,Granit Industries Sp. z o.o.,XX,XX,XX6677962807,XX6677962807,pays_hors_referentiel_ue,Code pays absent du referentiel UE local
5771,Atlantic Materials NV,FI,FI,FI8358558,FI8358558,format_invalide,Numero nettoye non conforme au format attendu pour le pays
5777,Fabrica Technologies A/S,PT,PT,PT9227536796,PT9227536796,format_invalide,Numero nettoye non conforme au format attendu pour le pays
5778,Metallo Trading A/S,PT,PT,PT2465153M4,PT2465153M4,format_invalide,Numero nettoye non conforme au format attendu pour le pays
5784,Hanse Foods BV,DK,DK,DK0398038,DK0398038,format_invalide,Numero nettoye non conforme au format attendu pour le pays
5786,Prima Logistics Sp. z o.o.,PL,PL,PL1097O67033,PL1097O67033,format_invalide,Numero nettoye non conforme au format attendu pour le pays
5788,Prima Distribution SA,FI,FI,83966125,83966125,format_invalide,Numero nettoye non conforme au format attendu pour le pays
5790,Lumen Logistics GmbH,DK,DK,DK0015670,DK0015670,format_invalide,Numero nettoye non conforme au format attendu pour le pays
5791,Lusitania Trading A/S,SE,SE,052642002101,052642002101,format_invalide,Numero nettoye non conforme au format attendu pour le pays
5795,Lusitania Foods NV,XX,XX,XX56586301,XX56586301,pays_hors_referentiel_ue,Code pays absent du referentiel UE local
5797,Orion Logistics Sp. z o.o.,IT,IT,IT0506969745O,IT0506969745O,format_invalide,Numero nettoye non conforme au format attendu pour le pays
5798,Textil Consulting Sp. z o.o.,ZZ,ZZ,ZZ20015146,ZZ20015146,pays_hors_referentiel_ue,Code pays absent du referentiel UE local
5801,Kappa Technologies BV,FR,FR,60999479674,60999479674,format_invalide,Numero nettoye non conforme au format attendu pour le pays
5812,Granit Technologies GmbH,PL,PL,PL2748754G62,PL2748754G62,format_invalide,Numero nettoye non conforme au format attendu pour le pays
5820,Papyrus Distribution SpA,PL,PL,PL435791933,PL435791933,format_invalide,Numero nettoye non conforme au format attendu pour le pays
5822,Meridian Logistics SARL,PT,PT,302923853,302923853,format_invalide,Numero nettoye non conforme au format attendu pour le pays
5823,Cobalt Trading SAS,UK,UK,UK579433870,UK579433870,pays_hors_perimetre_vies,Pays present dans le fichier mais hors Union europeenne
5826,Delta Services Sp. z o.o.,PL,PL,PL565552923,PL565552923,format_invalide,Numero nettoye non conforme au format attendu pour le pays
5827,Corvus Industries SARL,NL,NL,NL612617427B1,NL612617427B1,format_invalide,Numero nettoye non conforme au format attendu pour le pays
5831,Granit Trading SpA,PT,PT,292424493,292424493,format_invalide,Numero nettoye non conforme au format attendu pour le pays
5836,Vertex Technologies BV,ZZ,ZZ,ZZ052081370B74,ZZ052081370B74,pays_hors_referentiel_ue,Code pays absent du referentiel UE local
5837,Verso Technologies Sp. z o.o.,SE,SE,142921639101,142921639101,format_invalide,Numero nettoye non conforme au format attendu pour le pays
5844,Batavia Technologies A/S,ZZ,ZZ,ZZ15160772,ZZ15160772,pays_hors_referentiel_ue,Code pays absent du referentiel UE local
5850,Global Technologies BV,FI,FI,FI1835321,FI1835321,format_invalide,Numero nettoye non conforme au format attendu pour le pays
5851,Delta Logistics SAS,SE,SE,SE-43O879822001,SE43O879822001,format_invalide,Numero nettoye non conforme au format attendu pour le pays
5854,Vertex Transports SAS,BE,BE,BEH475996915,BEH475996915,format_invalide,Numero nettoye non conforme au format attendu pour le pays
5855,Global Technologies SA,PT,PT,PT8153023G0,PT8153023G0,format_invalide,Numero nettoye non conforme au format attendu pour le pays
5857,Global Services SAS,NL,NL,229819321B01,229819321B01,format_invalide,Numero nettoye non conforme au format attendu pour le pays
5871,Lusitania Trading SA,PL,PL,PL42999065107,PL42999065107,format_invalide,Numero nettoye non conforme au format attendu pour le pays
5873,Azur Transports A/S,XX,XX,XX490087838B71,XX490087838B71,pays_hors_referentiel_ue,Code pays absent du referentiel UE local
5882,Vela Foods AB,SE,SE,SEO81282073001,SEO81282073001,format_invalide,Numero nettoye non conforme au format attendu pour le pays
5886,Cobalt Logistics SA,UK,UK,UK953311703B86,UK953311703B86,pays_hors_perimetre_vies,Pays present dans le fichier mais hors Union europeenne
5890,Granit Distribution AB,BE,BE,BE141827015,BE141827015,format_invalide,Numero nettoye non conforme au format attendu pour le pays
5896,Corvus Distribution AB,IT,IT,44763835087,44763835087,format_invalide,Numero nettoye non conforme au format attendu pour le pays
5897,Granit Materials SpA,SE,SE,012717178301,012717178301,format_invalide,Numero nettoye non conforme au format attendu pour le pays
5905,Vertex Transports Sp. z o.o.,PT,PT,281889880,281889880,format_invalide,Numero nettoye non conforme au format attendu pour le pays
5906,Meridian Materials SA,DK,DK,29898146,29898146,format_invalide,Numero nettoye non conforme au format attendu pour le pays
5908,Cobalt Foods BV,LU,LU,LU3814843,LU3814843,format_invalide,Numero nettoye non conforme au format attendu pour le pays
5911,Lusitania Logistics Oy,QQ,QQ,QQ45636803,QQ45636803,pays_hors_referentiel_ue,Code pays absent du referentiel UE local
5912,Papyrus Materials A/S,LU,LU,LUH4137678,LUH4137678,format_invalide,Numero nettoye non conforme au format attendu pour le pays
5914,Papyrus Logistics Lda,QQ,QQ,QQ910131434301,QQ910131434301,pays_hors_referentiel_ue,Code pays absent du referentiel UE local
5917,Kappa Services AB,DK,DK,DK406G7912,DK406G7912,format_invalide,Numero nettoye non conforme au format attendu pour le pays
5922,Batavia Foods AB,FI,FI,24733313,24733313,format_invalide,Numero nettoye non conforme au format attendu pour le pays
5928,Alpine Industries BV,DK,DK,DK8981446,DK8981446,format_invalide,Numero nettoye non conforme au format attendu pour le pays
5931,Corvus Foods Lda,SE,SE,SE68764846570,SE68764846570,format_invalide,Numero nettoye non conforme au format attendu pour le pays
5934,Solaris Industries SAS,FR,FR,93318455586,93318455586,format_invalide,Numero nettoye non conforme au format attendu pour le pays
5937,Kappa Technologies NV,BE,BE,NU.LL,NULL,prefixe_pays_incoherent,Prefixe du numero TVA different du pays declare
5938,Lusitania Logistics BV,SE,SE,SE8273100761012,SE8273100761012,format_invalide,Numero nettoye non conforme au format attendu pour le pays
5939,Vertex Consulting AB,FI,FI,FI8483156,FI8483156,format_invalide,Numero nettoye non conforme au format attendu pour le pays
5943,Atlantic Consulting NV,IT,IT,27434796606,27434796606,format_invalide,Numero nettoye non conforme au format attendu pour le pays
5944,Orion Logistics Lda,PT,PT,PT58018979,PT58018979,format_invalide,Numero nettoye non conforme au format attendu pour le pays
5948,Global Services NV,PL,PL,1477855501,1477855501,format_invalide,Numero nettoye non conforme au format attendu pour le pays
5950,Solaris Consulting SAS,UK,UK,UK1341683016,UK1341683016,pays_hors_perimetre_vies,Pays present dans le fichier mais hors Union europeenne
5959,Verso Services SpA,GB,GB,GB40416427088,GB40416427088,pays_hors_perimetre_vies,Pays present dans le fichier mais hors Union europeenne
5971,Nord Transports Sp. z o.o.,SE,SE,SE1242J9890301,SE1242J9890301,format_invalide,Numero nettoye non conforme au format attendu pour le pays
5972,Hanse Services AB,BE,BE,BE0H04442670,BE0H04442670,format_invalide,Numero nettoye non conforme au format attendu pour le pays
5974,Meridian Industries A/S,LU,LU,LU6439047,LU6439047,format_invalide,Numero nettoye non conforme au format attendu pour le pays
5975,Orion Foods SpA,FR,FR,FR736387575982,FR736387575982,format_invalide,Numero nettoye non conforme au format attendu pour le pays
5982,Metallo Foods BV,GB,GB,GB755253973,GB755253973,pays_hors_perimetre_vies,Pays present dans le fichier mais hors Union europeenne
5984,Corvus Logistics Lda,PT,PT,PTO79572290,PTO79572290,format_invalide,Numero nettoye non conforme au format attendu pour le pays
5995,Orion Logistics SAS,NL,NL,NL835545325B290,NL835545325B290,format_invalide,Numero nettoye non conforme au format attendu pour le pays
5998,Delta Industries AB,LU,LU,81521261,81521261,format_invalide,Numero nettoye non conforme au format attendu pour le pays
5999,Verso Foods SA,LU,LU,LU317M9431,LU317M9431,format_invalide,Numero nettoye non conforme au format attendu pour le pays
6000,Lumen Materials SA,LU,LU,LU3387K378,LU3387K378,format_invalide,Numero nettoye non conforme au format attendu pour le pays
6001,Hanse Logistics NV,PL,PL,8776254109,8776254109,format_invalide,Numero nettoye non conforme au format attendu pour le pays
6006,Kappa Materials SA,FI,FI,,,numero_tva_absent,Numero TVA absent
6010,Textil Technologies BV,LU,LU, ,,numero_tva_absent,Numero TVA absent
6013,Granit Logistics NV,LU,LU,LU6J806051,LU6J806051,format_invalide,Numero nettoye non conforme au format attendu pour le pays
6014,Cobalt Technologies SAS,NL,NL,NL308O09460B46,NL308O09460B46,format_invalide,Numero nettoye non conforme au format attendu pour le pays
6025,Verso Foods NV,ZZ,ZZ,ZZ9767239536,ZZ9767239536,pays_hors_referentiel_ue,Code pays absent du referentiel UE local
6027,Lumen Consulting Lda,FR,FR,FR881605M7145,FR881605M7145,format_invalide,Numero nettoye non conforme au format attendu pour le pays
6033,Hanse Distribution Oy,UK,UK,UK1358072155,UK1358072155,pays_hors_perimetre_vies,Pays present dans le fichier mais hors Union europeenne
6037,Verso Trading GmbH,SE,SE,SE99012545900,SE99012545900,format_invalide,Numero nettoye non conforme au format attendu pour le pays
6040,Azur Materials SARL,SE,SE,SE8J6747819601,SE8J6747819601,format_invalide,Numero nettoye non conforme au format attendu pour le pays
6041,Vela Industries SpA,IT,IT,IT2105400407,IT2105400407,format_invalide,Numero nettoye non conforme au format attendu pour le pays
6049,Hanse Distribution AB,SE,SE,SE8460112M3201,SE8460112M3201,format_invalide,Numero nettoye non conforme au format attendu pour le pays
6053,Hanse Industries Sp. z o.o.,GB,GB,GB588858340,GB588858340,pays_hors_perimetre_vies,Pays present dans le fichier mais hors Union europeenne
6054,Orion Consulting SA,LU,LU,LU21H21741,LU21H21741,format_invalide,Numero nettoye non conforme au format attendu pour le pays
6056,Vertex Transports BV,PT,PT,PT7K2598923,PT7K2598923,format_invalide,Numero nettoye non conforme au format attendu pour le pays
6057,Granit Trading SA,SE,SE,SE5644601972011,SE5644601972011,format_invalide,Numero nettoye non conforme au format attendu pour le pays
6061,Atlantic Distribution AB,QQ,QQ,QQ5819504305,QQ5819504305,pays_hors_referentiel_ue,Code pays absent du referentiel UE local
6073,Vela Distribution SARL,PT,PT,362962006,362962006,format_invalide,Numero nettoye non conforme au format attendu pour le pays
6074,Granit Foods SA,LU,LU,LU17M21180,LU17M21180,format_invalide,Numero nettoye non conforme au format attendu pour le pays
6077,Corvus Materials Lda,BE,BE,BE083367699,BE083367699,format_invalide,Numero nettoye non conforme au format attendu pour le pays
6079,Atlantic Services SpA,PL,PL,PL6036M32350,PL6036M32350,format_invalide,Numero nettoye non conforme au format attendu pour le pays
6081,Meridian Technologies NV,FR,FR,FR003995900418,FR003995900418,format_invalide,Numero nettoye non conforme au format attendu pour le pays
6093,Global Services SAS,PT,PT,PT7580932J0,PT7580932J0,format_invalide,Numero nettoye non conforme au format attendu pour le pays
6094,Prima Trading AB,LU,LU,LU6300J554,LU6300J554,format_invalide,Numero nettoye non conforme au format attendu pour le pays
6098,Nord Materials SAS,BE,BE,1665035187,1665035187,format_invalide,Numero nettoye non conforme au format attendu pour le pays
6099,Atlantic Foods NV,ZZ,ZZ,ZZ93811436000,ZZ93811436000,pays_hors_referentiel_ue,Code pays absent du referentiel UE local
6103,Baltic Services SpA,PT,PT,PT45673485,PT45673485,format_invalide,Numero nettoye non conforme au format attendu pour le pays
6106,Verso Distribution Sp. z o.o.,FI,FI,FI5525073,FI5525073,format_invalide,Numero nettoye non conforme au format attendu pour le pays
6109,Metallo Industries SAS,IT,IT,IT0481795796,IT0481795796,format_invalide,Numero nettoye non conforme au format attendu pour le pays
6110,Prima Distribution SARL,DK,DK,DK614319O0,DK614319O0,format_invalide,Numero nettoye non conforme au format attendu pour le pays
6113,Alpine Technologies GmbH,UK,UK,UK74256980698,UK74256980698,pays_hors_perimetre_vies,Pays present dans le fichier mais hors Union europeenne
6115,Atlantic Distribution Lda,FI,FI,FI181735595,FI181735595,format_invalide,Numero nettoye non conforme au format attendu pour le pays
6117,Textil Technologies A/S,FI,FI,FI0384331O,FI0384331O,format_invalide,Numero nettoye non conforme au format attendu pour le pays
6124,Ardent Services SpA,FI,FI,FI-0282040,FI0282040,format_invalide,Numero nettoye non conforme au format attendu pour le pays
6125,Verso Materials Lda,LU,LU,LU2208K667,LU2208K667,format_invalide,Numero nettoye non conforme au format attendu pour le pays
6126,Batavia Industries NV,GB,GB,GB1803742939,GB1803742939,pays_hors_perimetre_vies,Pays present dans le fichier mais hors Union europeenne
6129,Granit Materials Sp. z o.o.,PL,PL,2438463364,2438463364,format_invalide,Numero nettoye non conforme au format attendu pour le pays
6131,Ardent Consulting Lda,NL,NL,NL69M198610B88,NL69M198610B88,format_invalide,Numero nettoye non conforme au format attendu pour le pays
6132,Delta Materials SAS,LU,LU,LU118K3431,LU118K3431,format_invalide,Numero nettoye non conforme au format attendu pour le pays
6136,Vela Industries Sp. z o.o.,BE,BE,0458764468,0458764468,format_invalide,Numero nettoye non conforme au format attendu pour le pays
6138,Baltic Foods SA,SE,SE,SE27894105090,SE27894105090,format_invalide,Numero nettoye non conforme au format attendu pour le pays
6146,Meridian Trading SpA,FI,FI,FI7427720,FI7427720,format_invalide,Numero nettoye non conforme au format attendu pour le pays
6150,Solaris Logistics Oy,PL,PL,PL60893946609,PL60893946609,format_invalide,Numero nettoye non conforme au format attendu pour le pays
6152,Ardent Consulting AB,FR,FR,FR3943750492,FR3943750492,format_invalide,Numero nettoye non conforme au format attendu pour le pays
6163,Vela Trading SA,FI,FI,28694024,28694024,format_invalide,Numero nettoye non conforme au format attendu pour le pays
6165,Granit Services Sp. z o.o.,IT,IT,IT673085733847,IT673085733847,format_invalide,Numero nettoye non conforme au format attendu pour le pays
6172,Meridian Distribution SpA,PL,PL,PL149226663,PL149226663,format_invalide,Numero nettoye non conforme au format attendu pour le pays
6175,Nord Technologies BV,BE,BE,BE12642512807,BE12642512807,format_invalide,Numero nettoye non conforme au format attendu pour le pays
6176,Metallo Logistics SpA,ZZ,ZZ,ZZ3569656905,ZZ3569656905,pays_hors_referentiel_ue,Code pays absent du referentiel UE local
6179,Meridian Consulting Oy,NL,NL,916123935B90,916123935B90,format_invalide,Numero nettoye non conforme au format attendu pour le pays
6180,Lusitania Logistics A/S,SE,SE,008195060201,008195060201,format_invalide,Numero nettoye non conforme au format attendu pour le pays
6184,Ardent Materials SAS,QQ,QQ,QQ02739684490,QQ02739684490,pays_hors_referentiel_ue,Code pays absent du referentiel UE local
6187,Vela Industries NV,FI,FI,FI10873H64,FI10873H64,format_invalide,Numero nettoye non conforme au format attendu pour le pays
6190,Prima Consulting SARL,SE,SE,null,NULL,numero_tva_absent,Numero TVA absent
6192,Lumen Materials SAS,FR,FR,FR0582O875932,FR0582O875932,format_invalide,Numero nettoye non conforme au format attendu pour le pays
6198,Prima Transports BV,XX,XX,XX78426777033,XX78426777033,pays_hors_referentiel_ue,Code pays absent du referentiel UE local
6200,Fabrica Logistics SAS,SE,SE,SE6120555070016,SE6120555070016,format_invalide,Numero nettoye non conforme au format attendu pour le pays
6202,Kappa Foods SAS,DK,DK,DK5094J988,DK5094J988,format_invalide,Numero nettoye non conforme au format attendu pour le pays
6205,Delta Foods A/S,PL,PL,PL4691G34368,PL4691G34368,format_invalide,Numero nettoye non conforme au format attendu pour le pays
6206,Metallo Logistics Sp. z o.o.,NL,NL,NL262135243B142,NL262135243B142,format_invalide,Numero nettoye non conforme au format attendu pour le pays
6213,Batavia Logistics BV,ZZ,ZZ,ZZ60134157,ZZ60134157,pays_hors_referentiel_ue,Code pays absent du referentiel UE local
6221,Corvus Distribution Lda,ZZ,ZZ,ZZ056461310701,ZZ056461310701,pays_hors_referentiel_ue,Code pays absent du referentiel UE local
6228,Cobalt Services Sp. z o.o.,FR,FR,null,NULL,numero_tva_absent,Numero TVA absent
6230,Cobalt Services SpA,IT,IT,34269455647,34269455647,format_invalide,Numero nettoye non conforme au format attendu pour le pays
6234,Corvus Logistics A/S,IT,IT,IT167298492042,IT167298492042,format_invalide,Numero nettoye non conforme au format attendu pour le pays
6240,Hanse Trading Oy,NL,NL,NL427035806B5,NL427035806B5,format_invalide,Numero nettoye non conforme au format attendu pour le pays
6244,Azur Technologies Oy,NL,NL,NL835628620B6O,NL835628620B6O,format_invalide,Numero nettoye non conforme au format attendu pour le pays
6246,Textil Trading SA,IT,IT,IT737417318290,IT737417318290,format_invalide,Numero nettoye non conforme au format attendu pour le pays
6247,Vela Logistics Oy,XX,XX,XX94043328,XX94043328,pays_hors_referentiel_ue,Code pays absent du referentiel UE local
6253,Kappa Materials SpA,ZZ,ZZ,ZZ54751885,ZZ54751885,pays_hors_referentiel_ue,Code pays absent du referentiel UE local
6255,Atlantic Foods SpA,BE,BE,1777139473,1777139473,format_invalide,Numero nettoye non conforme au format attendu pour le pays
6258,Fabrica Transports Lda,IT,IT,IT9911221075M,IT9911221075M,format_invalide,Numero nettoye non conforme au format attendu pour le pays
6264,Orion Materials SpA,SE,SE,314267382501,314267382501,format_invalide,Numero nettoye non conforme au format attendu pour le pays
6272,Vertex Materials NV,IT,IT,IT901347557281,IT901347557281,format_invalide,Numero nettoye non conforme au format attendu pour le pays
6276,Lumen Industries SpA,FR,FR,FR551134133520,FR551134133520,format_invalide,Numero nettoye non conforme au format attendu pour le pays
6277,Solaris Technologies Sp. z o.o.,FR,FR,FR944702332008,FR944702332008,format_invalide,Numero nettoye non conforme au format attendu pour le pays
6278,Fabrica Trading AB,FR,FR,FR61723044K89,FR61723044K89,format_invalide,Numero nettoye non conforme au format attendu pour le pays
6279,Nord Logistics A/S,LU,LU,LU5568718,LU5568718,format_invalide,Numero nettoye non conforme au format attendu pour le pays
6283,Solaris Industries SpA,DK,DK,DK5150O977,DK5150O977,format_invalide,Numero nettoye non conforme au format attendu pour le pays
6285,Vertex Foods A/S,LU,LU,LU306123526,LU306123526,format_invalide,Numero nettoye non conforme au format attendu pour le pays
6292,Granit Consulting Lda,IT,IT,25262313171,25262313171,format_invalide,Numero nettoye non conforme au format attendu pour le pays
6293,Corvus Technologies SAS,NL,NL,NL168004215B9,NL168004215B9,format_invalide,Numero nettoye non conforme au format attendu pour le pays
6299,Atlantic Materials BV,BE,BE,BE050643739,BE050643739,format_invalide,Numero nettoye non conforme au format attendu pour le pays
6311,Alpine Foods GmbH,PL,PL,PL8055349J98,PL8055349J98,format_invalide,Numero nettoye non conforme au format attendu pour le pays
6315,Prima Technologies AB,UK,UK,UK4673491215,UK4673491215,pays_hors_perimetre_vies,Pays present dans le fichier mais hors Union europeenne
6317,Baltic Services SpA,LU,LU,LU8536616,LU8536616,format_invalide,Numero nettoye non conforme au format attendu pour le pays
6328,Global Transports NV,BE,BE,1646048527,1646048527,format_invalide,Numero nettoye non conforme au format attendu pour le pays
6340,Prima Foods SA,QQ,QQ,QQ48733393,QQ48733393,pays_hors_referentiel_ue,Code pays absent du referentiel UE local
6341,Azur Industries BV,FR,FR,FR271658990088,FR271658990088,format_invalide,Numero nettoye non conforme au format attendu pour le pays
6346,Corvus Logistics SpA,FI,FI,FI661383289,FI661383289,format_invalide,Numero nettoye non conforme au format attendu pour le pays
6348,Delta Consulting Lda,UK,UK,UK76424459,UK76424459,pays_hors_perimetre_vies,Pays present dans le fichier mais hors Union europeenne
6349,Batavia Consulting SARL,SE,SE,SE6262322198017,SE6262322198017,format_invalide,Numero nettoye non conforme au format attendu pour le pays
6350,Solaris Foods A/S,BE,BE,BEJ768625744,BEJ768625744,format_invalide,Numero nettoye non conforme au format attendu pour le pays
6351,Granit Distribution SARL,LU,LU,LU25495O61,LU25495O61,format_invalide,Numero nettoye non conforme au format attendu pour le pays
6353,Delta Consulting SAS,IT,IT,IT6301323276,IT6301323276,format_invalide,Numero nettoye non conforme au format attendu pour le pays
6354,Lusitania Materials SA,FI,FI,FIG3476680,FIG3476680,format_invalide,Numero nettoye non conforme au format attendu pour le pays
6355,Metallo Technologies Lda,FR,FR,39629628173,39629628173,format_invalide,Numero nettoye non conforme au format attendu pour le pays
6358,Orion Services Sp. z o.o.,PL,PL,3340963733,3340963733,format_invalide,Numero nettoye non conforme au format attendu pour le pays
6362,Nord Distribution A/S,FI,FI,FI7456219J,FI7456219J,format_invalide,Numero nettoye non conforme au format attendu pour le pays
6368,Batavia Technologies GmbH,SE,SE,500212130801,500212130801,format_invalide,Numero nettoye non conforme au format attendu pour le pays
6370,Global Foods A/S,XX,XX,XX03086639436,XX03086639436,pays_hors_referentiel_ue,Code pays absent du referentiel UE local
6372,Granit Distribution Sp. z o.o.,IT,IT,IT695941041630,IT695941041630,format_invalide,Numero nettoye non conforme au format attendu pour le pays
6376,Ardent Consulting Sp. z o.o.,BE,BE,BE052961K486,BE052961K486,format_invalide,Numero nettoye non conforme au format attendu pour le pays
6379,Textil Distribution SA,PL,PL,PL275565972,PL275565972,format_invalide,Numero nettoye non conforme au format attendu pour le pays
6380,Verso Trading SpA,FR,FR,FR08O33088169,FR08O33088169,format_invalide,Numero nettoye non conforme au format attendu pour le pays
6391,Nord Technologies NV,SE,SE,SE12151571550,SE12151571550,format_invalide,Numero nettoye non conforme au format attendu pour le pays
6392,Delta Transports GmbH,SE,SE,SE69014100240,SE69014100240,format_invalide,Numero nettoye non conforme au format attendu pour le pays
6393,Solaris Technologies A/S,PL,PL,-,,numero_tva_absent,Numero TVA absent
6400,Cobalt Technologies SpA,BE,BE,BE176846688,BE176846688,format_invalide,Numero nettoye non conforme au format attendu pour le pays
6410,Corvus Materials SpA,GB,GB,GB006809091B73,GB006809091B73,pays_hors_perimetre_vies,Pays present dans le fichier mais hors Union europeenne
6413,Lumen Technologies NV,PT,PT,174699557,174699557,format_invalide,Numero nettoye non conforme au format attendu pour le pays
6414,Azur Consulting SAS,PL,PL,PL34589H1141,PL34589H1141,format_invalide,Numero nettoye non conforme au format attendu pour le pays
6418,Batavia Materials Lda,XX,XX,XX40740855,XX40740855,pays_hors_referentiel_ue,Code pays absent du referentiel UE local
6422,Verso Foods BV,QQ,QQ,QQ45141147004,QQ45141147004,pays_hors_referentiel_ue,Code pays absent du referentiel UE local
6428,Papyrus Distribution SpA,LU,LU,LU643160462,LU643160462,format_invalide,Numero nettoye non conforme au format attendu pour le pays
6435,Nord Materials SA,SE,SE,null,NULL,numero_tva_absent,Numero TVA absent
6436,Meridian Services SA,PL,PL,  5504411220 ,5504411220,format_invalide,Numero nettoye non conforme au format attendu pour le pays
6442,Prima Materials GmbH,PT,PT,,,numero_tva_absent,Numero TVA absent
6443,Global Logistics Lda,XX,XX,XX70018107345,XX70018107345,pays_hors_referentiel_ue,Code pays absent du referentiel UE local
6448,Granit Trading Lda,FR,FR,FR5318969576,FR5318969576,format_invalide,Numero nettoye non conforme au format attendu pour le pays
6454,Alpine Transports SAS,QQ,QQ,QQ90988336,QQ90988336,pays_hors_referentiel_ue,Code pays absent du referentiel UE local
6455,Cobalt Technologies A/S,NL,NL,452696112B38,452696112B38,format_invalide,Numero nettoye non conforme au format attendu pour le pays
6458,Metallo Technologies BV,FR,FR,FR692608915103,FR692608915103,format_invalide,Numero nettoye non conforme au format attendu pour le pays
6459,Lumen Consulting SpA,FR,FR,FR2117432908,FR2117432908,format_invalide,Numero nettoye non conforme au format attendu pour le pays
6461,Nord Services Oy,PL,PL,PL13G8031349,PL13G8031349,format_invalide,Numero nettoye non conforme au format attendu pour le pays
6462,Alpine Foods NV,LU,LU,LU597659247,LU597659247,format_invalide,Numero nettoye non conforme au format attendu pour le pays
6468,Verso Materials Lda,IT,IT,,,numero_tva_absent,Numero TVA absent
6471,Atlantic Foods Sp. z o.o.,FI,FI,56312548,56312548,format_invalide,Numero nettoye non conforme au format attendu pour le pays
6473,Fabrica Foods Lda,BE,BE,BE136991714,BE136991714,format_invalide,Numero nettoye non conforme au format attendu pour le pays
6483,Textil Foods SA,IT,IT,IT0889238505,IT0889238505,format_invalide,Numero nettoye non conforme au format attendu pour le pays
6484,Azur Technologies Sp. z o.o.,SE,SE,739485322501,739485322501,format_invalide,Numero nettoye non conforme au format attendu pour le pays
6491,Granit Technologies GmbH,IT,IT,IT131075051935,IT131075051935,format_invalide,Numero nettoye non conforme au format attendu pour le pays
6492,Cobalt Consulting Oy,SE,SE, ,,numero_tva_absent,Numero TVA absent
6496,Delta Transports SARL,XX,XX,XX66146273595,XX66146273595,pays_hors_referentiel_ue,Code pays absent du referentiel UE local
6497,Delta Technologies AB,DK,DK,79034983,79034983,format_invalide,Numero nettoye non conforme au format attendu pour le pays
6511,Baltic Technologies Sp. z o.o.,LU,LU,LU8J582703,LU8J582703,format_invalide,Numero nettoye non conforme au format attendu pour le pays
6516,Lusitania Technologies SpA,XX,XX,XX4598176597,XX4598176597,pays_hors_referentiel_ue,Code pays absent du referentiel UE local
6520,Vertex Technologies Oy,QQ,QQ,QQ1199427085,QQ1199427085,pays_hors_referentiel_ue,Code pays absent du referentiel UE local
6523,Nord Foods BV,NL,NL,268399475B51,268399475B51,format_invalide,Numero nettoye non conforme au format attendu pour le pays
6524,Orion Distribution SA,NL,NL,NL866222054B5,NL866222054B5,format_invalide,Numero nettoye non conforme au format attendu pour le pays
6528,Atlantic Technologies NV,SE,SE,250658029501,250658029501,format_invalide,Numero nettoye non conforme au format attendu pour le pays
6529,Prima Technologies BV,LU,LU,41305506,41305506,format_invalide,Numero nettoye non conforme au format attendu pour le pays
6530,Solaris Logistics A/S,NL,NL,385043235B05,385043235B05,format_invalide,Numero nettoye non conforme au format attendu pour le pays
6533,Metallo Technologies A/S,NL,NL,NL5117406J1B86,NL5117406J1B86,format_invalide,Numero nettoye non conforme au format attendu pour le pays
6539,Prima Logistics AB,UK,UK,UK63262709191,UK63262709191,pays_hors_perimetre_vies,Pays present dans le fichier mais hors Union europeenne
6541,Prima Transports SAS,GB,GB,GB17909830,GB17909830,pays_hors_perimetre_vies,Pays present dans le fichier mais hors Union europeenne
6542,Nord Foods SAS,BE,BE,BE181919323,BE181919323,format_invalide,Numero nettoye non conforme au format attendu pour le pays
6543,Lumen Services SpA,ZZ,ZZ,ZZ87831058,ZZ87831058,pays_hors_referentiel_ue,Code pays absent du referentiel UE local
6545,Corvus Distribution NV,GB,GB,GB74081835,GB74081835,pays_hors_perimetre_vies,Pays present dans le fichier mais hors Union europeenne
6548,Cobalt Foods SA,LU,LU,LU4567125,LU4567125,format_invalide,Numero nettoye non conforme au format attendu pour le pays
6550,Ardent Transports SpA,BE,BE,,,numero_tva_absent,Numero TVA absent
6560,Ardent Materials Oy,NL,NL,222902280B34,222902280B34,format_invalide,Numero nettoye non conforme au format attendu pour le pays
6563,Prima Logistics SpA,FR,FR, ,,numero_tva_absent,Numero TVA absent
6568,Ardent Materials SARL,BE,BE, ,,numero_tva_absent,Numero TVA absent
6571,Ardent Materials Sp. z o.o.,DK,DK,DK3563261,DK3563261,format_invalide,Numero nettoye non conforme au format attendu pour le pays
6575,Cobalt Consulting BV,FR,FR,null,NULL,numero_tva_absent,Numero TVA absent
6582,Azur Technologies SA,IT,IT,35669082741,35669082741,format_invalide,Numero nettoye non conforme au format attendu pour le pays
6586,Alpine Trading SA,SE,SE,SE7761453484011,SE7761453484011,format_invalide,Numero nettoye non conforme au format attendu pour le pays
6587,Solaris Materials SpA,FR,FR,47988081911,47988081911,format_invalide,Numero nettoye non conforme au format attendu pour le pays
6597,Vertex Foods GmbH,ZZ,ZZ,ZZ03320447354,ZZ03320447354,pays_hors_referentiel_ue,Code pays absent du referentiel UE local
6599,Metallo Foods AB,FI,FI,FI8170788,FI8170788,format_invalide,Numero nettoye non conforme au format attendu pour le pays
6602,Prima Transports SARL,PT,PT, ,,numero_tva_absent,Numero TVA absent
6607,Azur Materials SA,BE,BE,BE044957658,BE044957658,format_invalide,Numero nettoye non conforme au format attendu pour le pays
6611,Azur Services GmbH,NL,NL,NL217195660B4G,NL217195660B4G,format_invalide,Numero nettoye non conforme au format attendu pour le pays
6612,Metallo Services GmbH,NL,NL,445658113B03,445658113B03,format_invalide,Numero nettoye non conforme au format attendu pour le pays
6618,Alpine Services AB,QQ,QQ,QQ51266968992,QQ51266968992,pays_hors_referentiel_ue,Code pays absent du referentiel UE local
6620,Cobalt Trading SAS,PT,PT,513154671,513154671,format_invalide,Numero nettoye non conforme au format attendu pour le pays
6621,Fabrica Services BV,DK,DK,DK334062O5,DK334062O5,format_invalide,Numero nettoye non conforme au format attendu pour le pays
6626,Fabrica Consulting BV,PT,PT,635096668,635096668,format_invalide,Numero nettoye non conforme au format attendu pour le pays
6629,Metallo Services BV,DK,DK,02717301,02717301,format_invalide,Numero nettoye non conforme au format attendu pour le pays
6639,Fabrica Materials NV,FI,FI,FI3750540,FI3750540,format_invalide,Numero nettoye non conforme au format attendu pour le pays
6645,Lumen Industries AB,IT,IT,IT83955785K32,IT83955785K32,format_invalide,Numero nettoye non conforme au format attendu pour le pays
6651,Textil Foods SpA,LU,LU,38170876,38170876,format_invalide,Numero nettoye non conforme au format attendu pour le pays
6656,Metallo Materials AB,SE,SE,761636825901,761636825901,format_invalide,Numero nettoye non conforme au format attendu pour le pays
6658,Nord Logistics Oy,PT,PT,PT373986O27,PT373986O27,format_invalide,Numero nettoye non conforme au format attendu pour le pays
6661,Cobalt Technologies AB,NL,NL,NL982756331BJ3,NL982756331BJ3,format_invalide,Numero nettoye non conforme au format attendu pour le pays
6668,Granit Industries NV,NL,NL,852233875B69,852233875B69,format_invalide,Numero nettoye non conforme au format attendu pour le pays
6675,Textil Technologies SA,FR,FR,FR8878054269J,FR8878054269J,format_invalide,Numero nettoye non conforme au format attendu pour le pays
6679,Metallo Services SA,LU,LU,LU967410694,LU967410694,format_invalide,Numero nettoye non conforme au format attendu pour le pays
6684,Delta Logistics SA,NL,NL,NL656455846B390,NL656455846B390,format_invalide,Numero nettoye non conforme au format attendu pour le pays
6686,Papyrus Consulting A/S,NL,NL,NL540267892B2,NL540267892B2,format_invalide,Numero nettoye non conforme au format attendu pour le pays
6691,Metallo Industries AB,IT,IT,IT5640323279,IT5640323279,format_invalide,Numero nettoye non conforme au format attendu pour le pays
6693,Prima Transports SAS,LU,LU,15785861,15785861,format_invalide,Numero nettoye non conforme au format attendu pour le pays
6694,Nord Technologies Oy,PT,PT,PT256888K51,PT256888K51,format_invalide,Numero nettoye non conforme au format attendu pour le pays
6698,Solaris Consulting SA,XX,XX,XX13875233005,XX13875233005,pays_hors_referentiel_ue,Code pays absent du referentiel UE local
6701,Hanse Technologies SpA,QQ,QQ,QQ66474879,QQ66474879,pays_hors_referentiel_ue,Code pays absent du referentiel UE local
6705,Atlantic Technologies SpA,UK,UK,UK61241324829,UK61241324829,pays_hors_perimetre_vies,Pays present dans le fichier mais hors Union europeenne
6710,Lusitania Materials AB,XX,XX,XX40844961,XX40844961,pays_hors_referentiel_ue,Code pays absent du referentiel UE local
6714,Vela Services A/S,FI,FI,FI426981959,FI426981959,format_invalide,Numero nettoye non conforme au format attendu pour le pays
6728,Azur Services SpA,FR,FR,FR70411881H81,FR70411881H81,format_invalide,Numero nettoye non conforme au format attendu pour le pays
6731,Alpine Foods A/S,NL,NL,NLM86185156B03,NLM86185156B03,format_invalide,Numero nettoye non conforme au format attendu pour le pays
6734,Baltic Services SARL,FR,FR,FR427605104685,FR427605104685,format_invalide,Numero nettoye non conforme au format attendu pour le pays
6736,Fabrica Technologies Lda,NL,NL,NL820935G57B94,NL820935G57B94,format_invalide,Numero nettoye non conforme au format attendu pour le pays
6741,Orion Logistics SpA,NL,NL,NL84O854752B66,NL84O854752B66,format_invalide,Numero nettoye non conforme au format attendu pour le pays
6745,Nord Industries Lda,FR,FR,null,NULL,numero_tva_absent,Numero TVA absent
6747,Cobalt Materials SAS,FR,FR,FR3726083229,FR3726083229,format_invalide,Numero nettoye non conforme au format attendu pour le pays
6751,Lumen Transports SAS,PL,PL,N/A,NA,numero_tva_absent,Numero TVA absent
6752,Verso Trading BV,LU,LU,43627081,43627081,format_invalide,Numero nettoye non conforme au format attendu pour le pays
6760,Batavia Trading SAS,FI,FI,FI2J295662,FI2J295662,format_invalide,Numero nettoye non conforme au format attendu pour le pays
6762,Nord Materials GmbH,UK,UK,UK07325073802,UK07325073802,pays_hors_perimetre_vies,Pays present dans le fichier mais hors Union europeenne
6763,Alpine Foods Lda,PT,PT,213176980,213176980,format_invalide,Numero nettoye non conforme au format attendu pour le pays
6765,Cobalt Services Sp. z o.o.,LU,LU,LU997377433,LU997377433,format_invalide,Numero nettoye non conforme au format attendu pour le pays
6767,Global Technologies SAS,XX,XX,XX1998791146,XX1998791146,pays_hors_referentiel_ue,Code pays absent du referentiel UE local
6775,Prima Technologies SARL,PT,PT,-,,numero_tva_absent,Numero TVA absent
6788,Verso Foods Sp. z o.o.,GB,GB,GB92599223282,GB92599223282,pays_hors_perimetre_vies,Pays present dans le fichier mais hors Union europeenne
6789,Corvus Foods Sp. z o.o.,BE,BE,BE151542515,BE151542515,format_invalide,Numero nettoye non conforme au format attendu pour le pays
6790,Kappa Technologies SARL,NL,NL,NL634382251B567,NL634382251B567,format_invalide,Numero nettoye non conforme au format attendu pour le pays
6797,Azur Industries BV,ZZ,ZZ,ZZ098618830B04,ZZ098618830B04,pays_hors_referentiel_ue,Code pays absent du referentiel UE local
6802,Baltic Services SpA,FI,FI,79978844,79978844,format_invalide,Numero nettoye non conforme au format attendu pour le pays
6803,Solaris Foods Lda,PT,PT,PT8658880608,PT8658880608,format_invalide,Numero nettoye non conforme au format attendu pour le pays
6808,Metallo Trading Sp. z o.o.,NL,NL,NL198521935B764,NL198521935B764,format_invalide,Numero nettoye non conforme au format attendu pour le pays
6812,Baltic Materials Lda,NL,NL,350718453B97,350718453B97,format_invalide,Numero nettoye non conforme au format attendu pour le pays
6813,Batavia Foods SARL,QQ,QQ,QQ31039657,QQ31039657,pays_hors_referentiel_ue,Code pays absent du referentiel UE local
6814,Global Foods BV,FR,FR,FR10O72907623,FR10O72907623,format_invalide,Numero nettoye non conforme au format attendu pour le pays
6815,Lusitania Technologies Sp. z o.o.,QQ,QQ,QQ352902775101,QQ352902775101,pays_hors_referentiel_ue,Code pays absent du referentiel UE local
6816,Granit Consulting SARL,SE,SE,622843364201,622843364201,format_invalide,Numero nettoye non conforme au format attendu pour le pays
6817,Textil Trading GmbH,UK,UK,UK8479771373,UK8479771373,pays_hors_perimetre_vies,Pays present dans le fichier mais hors Union europeenne
6819,Azur Industries AB,BE,BE,1462198190,1462198190,format_invalide,Numero nettoye non conforme au format attendu pour le pays
6820,Nord Services GmbH,ZZ,ZZ,ZZ35291997,ZZ35291997,pays_hors_referentiel_ue,Code pays absent du referentiel UE local
6823,Vertex Consulting Oy,FI,FI,FI109O4514,FI109O4514,format_invalide,Numero nettoye non conforme au format attendu pour le pays
6830,Textil Distribution A/S,DK,DK, ,,numero_tva_absent,Numero TVA absent
6831,Batavia Trading GmbH,LU,LU,LU61O40958,LU61O40958,format_invalide,Numero nettoye non conforme au format attendu pour le pays
6832,Textil Materials Sp. z o.o.,LU,LU,,,numero_tva_absent,Numero TVA absent
6833,Baltic Foods SARL,PL,PL,PL13735378228,PL13735378228,format_invalide,Numero nettoye non conforme au format attendu pour le pays
6838,Metallo Trading SAS,IT,IT,07641474999,07641474999,format_invalide,Numero nettoye non conforme au format attendu pour le pays
6839,Delta Trading GmbH,ZZ,ZZ,ZZ9593867253,ZZ9593867253,pays_hors_referentiel_ue,Code pays absent du referentiel UE local
6840,Fabrica Services SpA,LU,LU,LU716859533,LU716859533,format_invalide,Numero nettoye non conforme au format attendu pour le pays
6849,Vertex Foods A/S,LU,LU,LU347414479,LU347414479,format_invalide,Numero nettoye non conforme au format attendu pour le pays
6856,Metallo Materials SpA,FI,FI,24571131,24571131,format_invalide,Numero nettoye non conforme au format attendu pour le pays
6862,Verso Logistics AB,PL,PL,3669667601,3669667601,format_invalide,Numero nettoye non conforme au format attendu pour le pays
6863,Vela Services AB,NL,NL,NL405625546B983,NL405625546B983,format_invalide,Numero nettoye non conforme au format attendu pour le pays
6867,Hanse Materials GmbH,PL,PL,PL12355097411,PL12355097411,format_invalide,Numero nettoye non conforme au format attendu pour le pays
6870,Ardent Distribution AB,FR,FR,FR479964909382,FR479964909382,format_invalide,Numero nettoye non conforme au format attendu pour le pays
6872,Delta Logistics SARL,NL,NL,923407959B22,923407959B22,format_invalide,Numero nettoye non conforme au format attendu pour le pays
6882,Hanse Logistics A/S,PT,PT,PT68642H596,PT68642H596,format_invalide,Numero nettoye non conforme au format attendu pour le pays
6886,Corvus Consulting Lda,GB,GB,GB82954667,GB82954667,pays_hors_perimetre_vies,Pays present dans le fichier mais hors Union europeenne
6887,Nord Technologies GmbH,ZZ,ZZ,ZZ21424188,ZZ21424188,pays_hors_referentiel_ue,Code pays absent du referentiel UE local
6888,Atlantic Trading Lda,UK,UK,UK698613442B73,UK698613442B73,pays_hors_perimetre_vies,Pays present dans le fichier mais hors Union europeenne
6890,Nord Industries Lda,IT,IT,IT425378031919,IT425378031919,format_invalide,Numero nettoye non conforme au format attendu pour le pays
6893,Vela Transports BV,PL,PL,  9394459296 ,9394459296,format_invalide,Numero nettoye non conforme au format attendu pour le pays
6897,Cobalt Logistics GmbH,IT,IT,IT490337831992,IT490337831992,format_invalide,Numero nettoye non conforme au format attendu pour le pays
6900,Papyrus Consulting A/S,PL,PL,PL41380H6119,PL41380H6119,format_invalide,Numero nettoye non conforme au format attendu pour le pays
6902,Granit Transports NV,QQ,QQ,QQ96085575,QQ96085575,pays_hors_referentiel_ue,Code pays absent du referentiel UE local
6904,Papyrus Materials Oy,IT,IT,IT4780022836,IT4780022836,format_invalide,Numero nettoye non conforme au format attendu pour le pays
6915,Meridian Foods SA,SE,SE,SE50121572500G,SE50121572500G,format_invalide,Numero nettoye non conforme au format attendu pour le pays
6920,Lusitania Materials SpA,NL,NL, ,,numero_tva_absent,Numero TVA absent
6921,Delta Foods Sp. z o.o.,FI,FI,35222391,35222391,format_invalide,Numero nettoye non conforme au format attendu pour le pays
6926,Nord Materials BV,GB,GB,GB98538273172,GB98538273172,pays_hors_perimetre_vies,Pays present dans le fichier mais hors Union europeenne
6929,Alpine Services SAS,GB,GB,GB713562328B14,GB713562328B14,pays_hors_perimetre_vies,Pays present dans le fichier mais hors Union europeenne
6936,Ardent Trading Lda,SE,SE,SE334781479O01,SE334781479O01,format_invalide,Numero nettoye non conforme au format attendu pour le pays
6937,Granit Materials SpA,XX,XX,XX75942561,XX75942561,pays_hors_referentiel_ue,Code pays absent du referentiel UE local
6939,Lumen Services SA,GB,GB,GB267170841B98,GB267170841B98,pays_hors_perimetre_vies,Pays present dans le fichier mais hors Union europeenne
6940,Kappa Foods GmbH,ZZ,ZZ,ZZ74476896,ZZ74476896,pays_hors_referentiel_ue,Code pays absent du referentiel UE local
6941,Cobalt Industries SpA,LU,LU,LU6942212,LU6942212,format_invalide,Numero nettoye non conforme au format attendu pour le pays
6950,Batavia Services NV,ZZ,ZZ,ZZ92122777,ZZ92122777,pays_hors_referentiel_ue,Code pays absent du referentiel UE local
6952,Global Trading SARL,QQ,QQ,QQ9730167154,QQ9730167154,pays_hors_referentiel_ue,Code pays absent du referentiel UE local
6958,Granit Foods Lda,LU,LU,LU994891M9,LU994891M9,format_invalide,Numero nettoye non conforme au format attendu pour le pays
6962,Meridian Logistics Oy,PT,PT,PTH98889526,PTH98889526,format_invalide,Numero nettoye non conforme au format attendu pour le pays
6966,Global Services GmbH,BE,BE,BEH134072707,BEH134072707,format_invalide,Numero nettoye non conforme au format attendu pour le pays
6967,Ardent Consulting NV,FR,FR,FR3439526469,FR3439526469,format_invalide,Numero nettoye non conforme au format attendu pour le pays
6974,Lumen Trading AB,FR,FR,21255993964,21255993964,format_invalide,Numero nettoye non conforme au format attendu pour le pays
6977,Solaris Consulting Oy,IT,IT,IT25005H86691,IT25005H86691,format_invalide,Numero nettoye non conforme au format attendu pour le pays
6978,Solaris Materials NV,FI,FI,,,numero_tva_absent,Numero TVA absent
6980,Atlantic Distribution SpA,PL,PL,PL6675195H60,PL6675195H60,format_invalide,Numero nettoye non conforme au format attendu pour le pays
6984,Fabrica Consulting NV,QQ,QQ,QQ36022643,QQ36022643,pays_hors_referentiel_ue,Code pays absent du referentiel UE local
6988,Hanse Services SA,FR,FR,FR292876427718,FR292876427718,format_invalide,Numero nettoye non conforme au format attendu pour le pays
6990,Nord Trading A/S,BE,BE,BE073001952,BE073001952,format_invalide,Numero nettoye non conforme au format attendu pour le pays
6992,Prima Logistics SARL,PL,PL,-,,numero_tva_absent,Numero TVA absent
6997,Solaris Logistics A/S,NL,NL,38-5043235B05,385043235B05,format_invalide,Numero nettoye non conforme au format attendu pour le pays
6999,Ardent Distribution SA,BE,BE,1723744339,1723744339,format_invalide,Numero nettoye non conforme au format attendu pour le pays
7017,Kappa Technologies NV,XX,XX,XX13633879,XX13633879,pays_hors_referentiel_ue,Code pays absent du referentiel UE local
7023,Batavia Industries SARL,IT,IT,IT7021443G715,IT7021443G715,format_invalide,Numero nettoye non conforme au format attendu pour le pays
7024,Papyrus Distribution BV,GB,GB,GB516738733001,GB516738733001,pays_hors_perimetre_vies,Pays present dans le fichier mais hors Union europeenne
7025,Azur Consulting SA,BE,BE,BE045882870,BE045882870,format_invalide,Numero nettoye non conforme au format attendu pour le pays
7029,Corvus Technologies NV,FR,FR,FR249009699G4,FR249009699G4,format_invalide,Numero nettoye non conforme au format attendu pour le pays
7033,Kappa Industries AB,BE,BE,BE112K505126,BE112K505126,format_invalide,Numero nettoye non conforme au format attendu pour le pays
7034,Meridian Consulting SA,ZZ,ZZ,ZZ188414302301,ZZ188414302301,pays_hors_referentiel_ue,Code pays absent du referentiel UE local
7038,Vela Distribution AB,DK,DK,69333621,69333621,format_invalide,Numero nettoye non conforme au format attendu pour le pays
7047,Cobalt Consulting SpA,NL,NL,NL455383649B2,NL455383649B2,format_invalide,Numero nettoye non conforme au format attendu pour le pays
7050,Atlantic Transports SARL,QQ,QQ,QQ84904988,QQ84904988,pays_hors_referentiel_ue,Code pays absent du referentiel UE local
7051,Lumen Materials GmbH,ZZ,ZZ,ZZ64433160,ZZ64433160,pays_hors_referentiel_ue,Code pays absent du referentiel UE local
7052,Vertex Consulting NV,SE,SE,SE91501128870,SE91501128870,format_invalide,Numero nettoye non conforme au format attendu pour le pays
7054,Orion Services AB,FI,FI,92631108,92631108,format_invalide,Numero nettoye non conforme au format attendu pour le pays
7056,Verso Consulting SA,FR,FR,,,numero_tva_absent,Numero TVA absent
7058,Global Logistics GmbH,IT,IT,IT75511525M56,IT75511525M56,format_invalide,Numero nettoye non conforme au format attendu pour le pays
7060,Prima Transports SA,IT,IT,IT978565741M0,IT978565741M0,format_invalide,Numero nettoye non conforme au format attendu pour le pays
7062,Textil Technologies BV,DK,DK,DK19O87363,DK19O87363,format_invalide,Numero nettoye non conforme au format attendu pour le pays
7063,Vertex Consulting Sp. z o.o.,BE,BE,0613951897,0613951897,format_invalide,Numero nettoye non conforme au format attendu pour le pays
7065,Granit Materials Lda,SE,SE,889067669801,889067669801,format_invalide,Numero nettoye non conforme au format attendu pour le pays
7066,Fabrica Distribution A/S,SE,SE,685217110401,685217110401,format_invalide,Numero nettoye non conforme au format attendu pour le pays
7069,Orion Technologies BV,LU,LU,LU35J63676,LU35J63676,format_invalide,Numero nettoye non conforme au format attendu pour le pays
7070,Textil Services Lda,PL,PL,PL9241G68715,PL9241G68715,format_invalide,Numero nettoye non conforme au format attendu pour le pays
7073,Orion Foods A/S,NL,NL,936295648B71,936295648B71,format_invalide,Numero nettoye non conforme au format attendu pour le pays
7076,Granit Industries BV,PL,PL, ,,numero_tva_absent,Numero TVA absent
7077,Orion Trading NV,FR,FR,FR6220154771,FR6220154771,format_invalide,Numero nettoye non conforme au format attendu pour le pays
7080,Prima Technologies A/S,PL,PL,PL9769M15110,PL9769M15110,format_invalide,Numero nettoye non conforme au format attendu pour le pays
7090,Global Materials SpA,NL,NL,NL932361948B9,NL932361948B9,format_invalide,Numero nettoye non conforme au format attendu pour le pays
7091,Batavia Technologies NV,FR,FR,FR824722735911,FR824722735911,format_invalide,Numero nettoye non conforme au format attendu pour le pays
7096,Lumen Trading Sp. z o.o.,NL,NL,NL928548661B9,NL928548661B9,format_invalide,Numero nettoye non conforme au format attendu pour le pays
7097,Cobalt Trading SpA,FR,FR,36849255863,36849255863,format_invalide,Numero nettoye non conforme au format attendu pour le pays
7103,Atlantic Industries SARL,BE,BE,BE152837564K,BE152837564K,format_invalide,Numero nettoye non conforme au format attendu pour le pays
7110,Hanse Transports A/S,GB,GB,GB868321199B51,GB868321199B51,pays_hors_perimetre_vies,Pays present dans le fichier mais hors Union europeenne
7112,Alpine Transports AB,BE,BE,BE082K985988,BE082K985988,format_invalide,Numero nettoye non conforme au format attendu pour le pays
7113,Cobalt Materials NV,BE,BE,BE041890855,BE041890855,format_invalide,Numero nettoye non conforme au format attendu pour le pays
7120,Granit Foods GmbH,PT,PT,PT3322432739,PT3322432739,format_invalide,Numero nettoye non conforme au format attendu pour le pays
7121,Global Materials GmbH,PL,PL,PL69858376243,PL69858376243,format_invalide,Numero nettoye non conforme au format attendu pour le pays
7128,Fabrica Consulting NV,BE,BE,BEH891315106,BEH891315106,format_invalide,Numero nettoye non conforme au format attendu pour le pays
7129,Granit Materials GmbH,SE,SE,SEM19951059101,SEM19951059101,format_invalide,Numero nettoye non conforme au format attendu pour le pays
7130,Prima Logistics SAS,NL,NL,NL90320015JB46,NL90320015JB46,format_invalide,Numero nettoye non conforme au format attendu pour le pays
7131,Corvus Industries GmbH,DK,DK,DK751554O3,DK751554O3,format_invalide,Numero nettoye non conforme au format attendu pour le pays
7132,Delta Transports SA,LU,LU,LU481278553,LU481278553,format_invalide,Numero nettoye non conforme au format attendu pour le pays
7133,Lusitania Transports SA,FI,FI,FI3080659,FI3080659,format_invalide,Numero nettoye non conforme au format attendu pour le pays
7134,Vertex Logistics GmbH,ZZ,ZZ,ZZ-0436079435,ZZ0436079435,pays_hors_referentiel_ue,Code pays absent du referentiel UE local
7139,Corvus Foods Lda,NL,NL,690074578B44,690074578B44,format_invalide,Numero nettoye non conforme au format attendu pour le pays
7141,Alpine Trading NV,BE,BE,BE027968584,BE027968584,format_invalide,Numero nettoye non conforme au format attendu pour le pays
7149,Textil Logistics SA,PL,PL,PL4M47161205,PL4M47161205,format_invalide,Numero nettoye non conforme au format attendu pour le pays
7150,Lusitania Logistics NV,PT,PT,N/A,NA,numero_tva_absent,Numero TVA absent
7153,Vertex Trading BV,SE,SE,,,numero_tva_absent,Numero TVA absent
7156,Ardent Foods NV,PL,PL,9704724598,9704724598,format_invalide,Numero nettoye non conforme au format attendu pour le pays
7157,Lusitania Foods BV,IT,IT,  IT92633G63015 ,IT92633G63015,format_invalide,Numero nettoye non conforme au format attendu pour le pays
7166,Hanse Logistics SAS,XX,XX,XX16768422426,XX16768422426,pays_hors_referentiel_ue,Code pays absent du referentiel UE local
7178,Nord Consulting SAS,IT,IT,68875533512,68875533512,format_invalide,Numero nettoye non conforme au format attendu pour le pays
7179,Ardent Services BV,SE,SE,772054785501,772054785501,format_invalide,Numero nettoye non conforme au format attendu pour le pays
7181,Metallo Logistics SA,FR,FR,FR235450982292,FR235450982292,format_invalide,Numero nettoye non conforme au format attendu pour le pays
7188,Granit Services SpA,QQ,QQ,QQ1703041767,QQ1703041767,pays_hors_referentiel_ue,Code pays absent du referentiel UE local
7192,Kappa Materials GmbH,BE,BE, ,,numero_tva_absent,Numero TVA absent
7193,Ardent Trading AB,DK,DK,DK825836453,DK825836453,format_invalide,Numero nettoye non conforme au format attendu pour le pays
7199,Corvus Industries NV,PT,PT,459248367,459248367,format_invalide,Numero nettoye non conforme au format attendu pour le pays
7200,Verso Industries A/S,NL,NL,533317642B40,533317642B40,format_invalide,Numero nettoye non conforme au format attendu pour le pays
7201,Verso Foods Sp. z o.o.,BE,BE,,,numero_tva_absent,Numero TVA absent
7206,Baltic Technologies Oy,DK,DK,70766949,70766949,format_invalide,Numero nettoye non conforme au format attendu pour le pays
7207,Meridian Industries GmbH,NL,NL,-,,numero_tva_absent,Numero TVA absent
7210,Papyrus Consulting SARL,GB,GB,GB99527012,GB99527012,pays_hors_perimetre_vies,Pays present dans le fichier mais hors Union europeenne
7215,Papyrus Materials SARL,IT,IT,IT562223611669,IT562223611669,format_invalide,Numero nettoye non conforme au format attendu pour le pays
7218,Lumen Transports Oy,DK,DK,DK2706189,DK2706189,format_invalide,Numero nettoye non conforme au format attendu pour le pays
7219,Kappa Distribution Oy,SE,SE,122638677701,122638677701,format_invalide,Numero nettoye non conforme au format attendu pour le pays
7222,Delta Distribution SARL,QQ,QQ,QQ28958536,QQ28958536,pays_hors_referentiel_ue,Code pays absent du referentiel UE local
7223,Atlantic Services SA,GB,GB,GB212698304401,GB212698304401,pays_hors_perimetre_vies,Pays present dans le fichier mais hors Union europeenne
7229,Orion Distribution Lda,FR,FR,,,numero_tva_absent,Numero TVA absent
7230,Nord Consulting GmbH,UK,UK,UK26225128,UK26225128,pays_hors_perimetre_vies,Pays present dans le fichier mais hors Union europeenne
7235,Atlantic Services Oy,DK,DK,81228523,81228523,format_invalide,Numero nettoye non conforme au format attendu pour le pays
7242,Meridian Logistics Sp. z o.o.,PT,PT,980810671,980810671,format_invalide,Numero nettoye non conforme au format attendu pour le pays
7247,Orion Trading NV,LU,LU,51918952,51918952,format_invalide,Numero nettoye non conforme au format attendu pour le pays
7251,Corvus Materials A/S,LU,LU,LU4911747O,LU4911747O,format_invalide,Numero nettoye non conforme au format attendu pour le pays
7254,Solaris Materials AB,LU,LU,LU9675037,LU9675037,format_invalide,Numero nettoye non conforme au format attendu pour le pays
7256,Meridian Foods SpA,QQ,QQ,QQ770923652001,QQ770923652001,pays_hors_referentiel_ue,Code pays absent du referentiel UE local
7257,Verso Logistics SpA,FI,FI,90480019,90480019,format_invalide,Numero nettoye non conforme au format attendu pour le pays
7262,Verso Foods SAS,BE,BE,BE182029H310,BE182029H310,format_invalide,Numero nettoye non conforme au format attendu pour le pays
7263,Hanse Industries Oy,ZZ,ZZ,ZZ9878076600,ZZ9878076600,pays_hors_referentiel_ue,Code pays absent du referentiel UE local
7266,Batavia Foods SARL,FI,FI,FI3434077,FI3434077,format_invalide,Numero nettoye non conforme au format attendu pour le pays
7267,Baltic Trading A/S,ZZ,ZZ,ZZ320580386B29,ZZ320580386B29,pays_hors_referentiel_ue,Code pays absent du referentiel UE local
7269,Nord Foods Sp. z o.o.,ZZ,ZZ,ZZ0921369148,ZZ0921369148,pays_hors_referentiel_ue,Code pays absent du referentiel UE local
7273,Corvus Industries SAS,FI,FI,FI262871189,FI262871189,format_invalide,Numero nettoye non conforme au format attendu pour le pays
7275,Prima Technologies Oy,BE,BE,null,NULL,numero_tva_absent,Numero TVA absent
7283,Baltic Services Oy,NL,NL,NL6003866M2B43,NL6003866M2B43,format_invalide,Numero nettoye non conforme au format attendu pour le pays
7287,Kappa Trading AB,NL,NL,307885021B85,307885021B85,format_invalide,Numero nettoye non conforme au format attendu pour le pays
7290,Kappa Materials BV,PL,PL,PL190642001,PL190642001,format_invalide,Numero nettoye non conforme au format attendu pour le pays
7291,Alpine Logistics SpA,PT,PT,PT3083K5480,PT3083K5480,format_invalide,Numero nettoye non conforme au format attendu pour le pays
7298,Baltic Trading SARL,BE,BE,0915564588,0915564588,format_invalide,Numero nettoye non conforme au format attendu pour le pays
7299,Batavia Materials SpA,GB,GB,GB1504103081,GB1504103081,pays_hors_perimetre_vies,Pays present dans le fichier mais hors Union europeenne
7303,Metallo Distribution Oy,SE,SE,603298667801,603298667801,format_invalide,Numero nettoye non conforme au format attendu pour le pays
7307,Meridian Distribution NV,PT,PT,PT3997354K8,PT3997354K8,format_invalide,Numero nettoye non conforme au format attendu pour le pays
7313,Lusitania Materials Lda,IT,IT,63545680694,63545680694,format_invalide,Numero nettoye non conforme au format attendu pour le pays
7316,Prima Technologies GmbH,SE,SE,null,NULL,numero_tva_absent,Numero TVA absent
7318,Delta Distribution Sp. z o.o.,LU,LU,LU1982484,LU1982484,format_invalide,Numero nettoye non conforme au format attendu pour le pays
7326,Hanse Logistics GmbH,BE,BE,BE16890977211,BE16890977211,format_invalide,Numero nettoye non conforme au format attendu pour le pays
7330,Verso Services SAS,NL,NL,NL657176618B518,NL657176618B518,format_invalide,Numero nettoye non conforme au format attendu pour le pays
7338,Meridian Materials GmbH,DK,DK,71735788,71735788,format_invalide,Numero nettoye non conforme au format attendu pour le pays
7342,Azur Consulting SAS,FI,FI,FI6564421,FI6564421,format_invalide,Numero nettoye non conforme au format attendu pour le pays
7352,Alpine Trading AB,NL,NL,016884668B88,016884668B88,format_invalide,Numero nettoye non conforme au format attendu pour le pays
7354,Kappa Trading Oy,LU,LU,LU289091195,LU289091195,format_invalide,Numero nettoye non conforme au format attendu pour le pays
7356,Textil Distribution Lda,BE,BE,0702885556,0702885556,format_invalide,Numero nettoye non conforme au format attendu pour le pays
7370,Solaris Consulting NV,UK,UK,UK9823755464,UK9823755464,pays_hors_perimetre_vies,Pays present dans le fichier mais hors Union europeenne
7373,Lusitania Foods SARL,PL,PL,PL99179538510,PL99179538510,format_invalide,Numero nettoye non conforme au format attendu pour le pays
7380,Papyrus Technologies A/S,FI,FI,FI69G27888,FI69G27888,format_invalide,Numero nettoye non conforme au format attendu pour le pays
7381,Vela Foods AB,IT,IT,IT5J617198510,IT5J617198510,format_invalide,Numero nettoye non conforme au format attendu pour le pays
7386,Delta Materials Lda,BE,BE,BE112375885,BE112375885,format_invalide,Numero nettoye non conforme au format attendu pour le pays
7387,Corvus Transports NV,FR,FR,FR82H42766562,FR82H42766562,format_invalide,Numero nettoye non conforme au format attendu pour le pays
7389,Delta Industries GmbH,NL,NL,36.2793827B08,362793827B08,format_invalide,Numero nettoye non conforme au format attendu pour le pays
7391,Vela Distribution SAS,PT,PT,375179380,375179380,format_invalide,Numero nettoye non conforme au format attendu pour le pays
7402,Global Logistics BV,ZZ,ZZ,ZZ32402060,ZZ32402060,pays_hors_referentiel_ue,Code pays absent du referentiel UE local
7403,Nord Trading GmbH,UK,UK,UK060386738301,UK060386738301,pays_hors_perimetre_vies,Pays present dans le fichier mais hors Union europeenne
7406,Metallo Services NV,PL,PL,8487556732,8487556732,format_invalide,Numero nettoye non conforme au format attendu pour le pays
7410,Cobalt Foods GmbH,NL,NL,NL8859369G2B71,NL8859369G2B71,format_invalide,Numero nettoye non conforme au format attendu pour le pays
7415,Meridian Foods Lda,SE,SE,SE1842274779018,SE1842274779018,format_invalide,Numero nettoye non conforme au format attendu pour le pays
7416,Hanse Foods Oy,LU,LU,N/A,NA,numero_tva_absent,Numero TVA absent
7422,Cobalt Transports SA,LU,LU,94807547,94807547,format_invalide,Numero nettoye non conforme au format attendu pour le pays
7431,Batavia Transports AB,PL,PL,6569937617,6569937617,format_invalide,Numero nettoye non conforme au format attendu pour le pays
7432,Corvus Trading SpA,FI,FI,FI368413972,FI368413972,format_invalide,Numero nettoye non conforme au format attendu pour le pays
7434,Verso Foods GmbH,FR,FR, ,,numero_tva_absent,Numero TVA absent
7438,Ardent Foods Sp. z o.o.,GB,GB,GB16317539,GB16317539,pays_hors_perimetre_vies,Pays present dans le fichier mais hors Union europeenne
7443,Atlantic Trading SpA,IT,IT,11675894312,11675894312,format_invalide,Numero nettoye non conforme au format attendu pour le pays
7445,Nord Distribution Lda,FI,FI,FI0577054,FI0577054,format_invalide,Numero nettoye non conforme au format attendu pour le pays
7452,Textil Materials Sp. z o.o.,PT,PT,PT80485437,PT80485437,format_invalide,Numero nettoye non conforme au format attendu pour le pays
7462,Atlantic Materials SAS,BE,BE,BE15479654916,BE15479654916,format_invalide,Numero nettoye non conforme au format attendu pour le pays
7464,Lusitania Materials SA,FR,FR,01749637692,01749637692,format_invalide,Numero nettoye non conforme au format attendu pour le pays
7471,Corvus Consulting SA,BE,BE,1430928162,1430928162,format_invalide,Numero nettoye non conforme au format attendu pour le pays
7473,Orion Foods SA,NL,NL,NL954036293B9,NL954036293B9,format_invalide,Numero nettoye non conforme au format attendu pour le pays
7475,Batavia Technologies A/S,FR,FR,FR945M6213148,FR945M6213148,format_invalide,Numero nettoye non conforme au format attendu pour le pays
7480,Corvus Foods NV,BE,BE,BE0O44591992,BE0O44591992,format_invalide,Numero nettoye non conforme au format attendu pour le pays
7482,Fabrica Services BV,BE,BE,0211236108,0211236108,format_invalide,Numero nettoye non conforme au format attendu pour le pays
7488,Lumen Transports GmbH,NL,NL,NL64631H683B34,NL64631H683B34,format_invalide,Numero nettoye non conforme au format attendu pour le pays
7491,Verso Consulting SAS,FR,FR,N/A,NA,numero_tva_absent,Numero TVA absent
7493,Azur Technologies AB,LU,LU,LU500983H2,LU500983H2,format_invalide,Numero nettoye non conforme au format attendu pour le pays
7495,Alpine Services A/S,FI,FI,FI083705912,FI083705912,format_invalide,Numero nettoye non conforme au format attendu pour le pays
7499,Global Foods NV,IT,IT,IT5221J195614,IT5221J195614,format_invalide,Numero nettoye non conforme au format attendu pour le pays
7504,Metallo Services Oy,LU,LU,LU368303216,LU368303216,format_invalide,Numero nettoye non conforme au format attendu pour le pays
7514,Cobalt Materials BV,PL,PL,8641163734,8641163734,format_invalide,Numero nettoye non conforme au format attendu pour le pays
7517,Cobalt Transports SARL,UK,UK,UK98260609932,UK98260609932,pays_hors_perimetre_vies,Pays present dans le fichier mais hors Union europeenne
7524,Vertex Transports Lda,FI,FI,FIJ8844231,FIJ8844231,format_invalide,Numero nettoye non conforme au format attendu pour le pays
7537,Alpine Transports BV,IT,IT,IT566896834410,IT566896834410,format_invalide,Numero nettoye non conforme au format attendu pour le pays
7543,Meridian Technologies AB,BE,BE,BE0M49557089,BE0M49557089,format_invalide,Numero nettoye non conforme au format attendu pour le pays
7549,Solaris Distribution A/S,PT,PT,PT 7753 7660,PT77537660,format_invalide,Numero nettoye non conforme au format attendu pour le pays
7559,Global Foods SA,SE,SE,SE091710K38301,SE091710K38301,format_invalide,Numero nettoye non conforme au format attendu pour le pays
7560,Alpine Materials GmbH,DK,DK,,,numero_tva_absent,Numero TVA absent
7563,Textil Technologies Oy,SE,SE,SE88347342230O,SE88347342230O,format_invalide,Numero nettoye non conforme au format attendu pour le pays
7564,Kappa Foods SpA,DK,DK,30475011,30475011,format_invalide,Numero nettoye non conforme au format attendu pour le pays
7569,Batavia Trading AB,UK,UK,UK89945968,UK89945968,pays_hors_perimetre_vies,Pays present dans le fichier mais hors Union europeenne
7572,Global Trading SARL,GB,GB,GB371338736701,GB371338736701,pays_hors_perimetre_vies,Pays present dans le fichier mais hors Union europeenne
7577,Nord Logistics GmbH,DK,DK,DK878276G1,DK878276G1,format_invalide,Numero nettoye non conforme au format attendu pour le pays
7587,Alpine Industries AB,PL,PL,PL69H2393757,PL69H2393757,format_invalide,Numero nettoye non conforme au format attendu pour le pays
7591,Meridian Distribution SA,IT,IT,30289712470,30289712470,format_invalide,Numero nettoye non conforme au format attendu pour le pays
7592,Corvus Industries SARL,PL,PL,7303967928,7303967928,format_invalide,Numero nettoye non conforme au format attendu pour le pays
7599,Alpine Services GmbH,ZZ,ZZ,ZZ03228423454,ZZ03228423454,pays_hors_referentiel_ue,Code pays absent du referentiel UE local
7604,Kappa Technologies BV,QQ,QQ,QQ51948394,QQ51948394,pays_hors_referentiel_ue,Code pays absent du referentiel UE local
7607,Orion Trading SARL,BE,BE,BE180007354,BE180007354,format_invalide,Numero nettoye non conforme au format attendu pour le pays
7611,Vertex Industries SARL,IT,IT,IT8822418848,IT8822418848,format_invalide,Numero nettoye non conforme au format attendu pour le pays
7612,Baltic Materials GmbH,FI,FI,81210156,81210156,format_invalide,Numero nettoye non conforme au format attendu pour le pays
7615,Hanse Services BV,IT,IT,IT439051216K6,IT439051216K6,format_invalide,Numero nettoye non conforme au format attendu pour le pays
7624,Global Distribution BV,PL,PL,PL60347837220,PL60347837220,format_invalide,Numero nettoye non conforme au format attendu pour le pays
7625,Vela Consulting Sp. z o.o.,FR,FR,FR46430491J05,FR46430491J05,format_invalide,Numero nettoye non conforme au format attendu pour le pays
7632,Kappa Distribution GmbH,FR,FR,FR314979400656,FR314979400656,format_invalide,Numero nettoye non conforme au format attendu pour le pays
7634,Papyrus Services GmbH,SE,SE,486602710701,486602710701,format_invalide,Numero nettoye non conforme au format attendu pour le pays
7641,Nord Distribution SAS,SE,SE,-,,numero_tva_absent,Numero TVA absent
7648,Batavia Consulting BV,DK,DK,DK356598895,DK356598895,format_invalide,Numero nettoye non conforme au format attendu pour le pays
7654,Delta Trading SAS,GB,GB,GB0373879372,GB0373879372,pays_hors_perimetre_vies,Pays present dans le fichier mais hors Union europeenne
7658,Prima Transports AB,IT,IT,IT196660810398,IT196660810398,format_invalide,Numero nettoye non conforme au format attendu pour le pays
7664,Baltic Distribution Lda,FR,FR,FR913071997704,FR913071997704,format_invalide,Numero nettoye non conforme au format attendu pour le pays
7670,Fabrica Consulting NV,XX,XX,XX01022053167,XX01022053167,pays_hors_referentiel_ue,Code pays absent du referentiel UE local
7673,Vertex Distribution AB,IT,IT,IT529359709970,IT529359709970,format_invalide,Numero nettoye non conforme au format attendu pour le pays
7678,Prima Consulting SpA,GB,GB,GB44636972984,GB44636972984,pays_hors_perimetre_vies,Pays present dans le fichier mais hors Union europeenne
7690,Corvus Technologies Lda,BE,BE,1430572925,1430572925,format_invalide,Numero nettoye non conforme au format attendu pour le pays
7692,Granit Materials A/S,FI,FI,FI733225024,FI733225024,format_invalide,Numero nettoye non conforme au format attendu pour le pays
7698,Baltic Transports Oy,IT,IT,,,numero_tva_absent,Numero TVA absent
7699,Delta Transports Lda,PT,PT,  479254400 ,479254400,format_invalide,Numero nettoye non conforme au format attendu pour le pays
7700,Lusitania Consulting Lda,SE,SE,SE4111880O3401,SE4111880O3401,format_invalide,Numero nettoye non conforme au format attendu pour le pays
7702,Baltic Materials BV,PT,PT,null,NULL,numero_tva_absent,Numero TVA absent
7707,Alpine Trading AB,SE,SE,SE676G78566001,SE676G78566001,format_invalide,Numero nettoye non conforme au format attendu pour le pays
7708,Solaris Technologies Oy,LU,LU, ,,numero_tva_absent,Numero TVA absent
7712,Fabrica Industries SpA,FI,FI,60165499,60165499,format_invalide,Numero nettoye non conforme au format attendu pour le pays
7714,Baltic Consulting NV,SE,SE, ,,numero_tva_absent,Numero TVA absent
7716,Fabrica Foods Sp. z o.o.,SE,SE,SE61606018M201,SE61606018M201,format_invalide,Numero nettoye non conforme au format attendu pour le pays
7724,Fabrica Industries BV,LU,LU,null,NULL,numero_tva_absent,Numero TVA absent
7726,Fabrica Services SpA,PL,PL,PL559G677202,PL559G677202,format_invalide,Numero nettoye non conforme au format attendu pour le pays
7732,Prima Foods Sp. z o.o.,LU,LU,LU506321K0,LU506321K0,format_invalide,Numero nettoye non conforme au format attendu pour le pays
7737,Global Foods Sp. z o.o.,LU,LU,LUJ2918746,LUJ2918746,format_invalide,Numero nettoye non conforme au format attendu pour le pays
7739,Kappa Industries GmbH,UK,UK,UK71915938945,UK71915938945,pays_hors_perimetre_vies,Pays present dans le fichier mais hors Union europeenne
7742,Cobalt Services AB,PL,PL,PL274309688,PL274309688,format_invalide,Numero nettoye non conforme au format attendu pour le pays
7743,Cobalt Distribution Sp. z o.o.,SE,SE,SE776724J14101,SE776724J14101,format_invalide,Numero nettoye non conforme au format attendu pour le pays
7746,Alpine Materials SAS,DK,DK,,,numero_tva_absent,Numero TVA absent
7754,Solaris Transports Sp. z o.o.,ZZ,ZZ,ZZ1257331816,ZZ1257331816,pays_hors_referentiel_ue,Code pays absent du referentiel UE local
7756,Azur Technologies A/S,LU,LU,87900945,87900945,format_invalide,Numero nettoye non conforme au format attendu pour le pays
7761,Textil Consulting A/S,PL,PL,PL347265100H,PL347265100H,format_invalide,Numero nettoye non conforme au format attendu pour le pays
7769,Delta Transports Lda,UK,UK,UK71409686,UK71409686,pays_hors_perimetre_vies,Pays present dans le fichier mais hors Union europeenne
7771,Baltic Foods Lda,PL,PL,null,NULL,numero_tva_absent,Numero TVA absent
7772,Vela Consulting SAS,QQ,QQ,QQ12516023219,QQ12516023219,pays_hors_referentiel_ue,Code pays absent du referentiel UE local
7783,Batavia Materials Sp. z o.o.,GB,GB,GB44891184,GB44891184,pays_hors_perimetre_vies,Pays present dans le fichier mais hors Union europeenne
7787,Azur Consulting A/S,FI,FI,FI923542860,FI923542860,format_invalide,Numero nettoye non conforme au format attendu pour le pays
7791,Granit Technologies SAS,UK,UK,UK101021355B82,UK101021355B82,pays_hors_perimetre_vies,Pays present dans le fichier mais hors Union europeenne
7795,Atlantic Foods BV,IT,IT,N/A,NA,numero_tva_absent,Numero TVA absent
7802,Orion Trading Sp. z o.o.,QQ,QQ,QQ82542801806,QQ82542801806,pays_hors_referentiel_ue,Code pays absent du referentiel UE local
7814,Verso Materials Sp. z o.o.,PT,PT,PT1250735260,PT1250735260,format_invalide,Numero nettoye non conforme au format attendu pour le pays
7828,Meridian Distribution Sp. z o.o.,UK,UK,UK793725844,UK793725844,pays_hors_perimetre_vies,Pays present dans le fichier mais hors Union europeenne
7838,Vela Transports SAS,QQ,QQ,QQ64314970722,QQ64314970722,pays_hors_referentiel_ue,Code pays absent du referentiel UE local
7840,Papyrus Materials BV,DK,DK,DK266765H3,DK266765H3,format_invalide,Numero nettoye non conforme au format attendu pour le pays
7843,Baltic Trading NV,BE,BE,BE029924371,BE029924371,format_invalide,Numero nettoye non conforme au format attendu pour le pays
7850,Textil Logistics Oy,QQ,QQ,QQ1402527552,QQ1402527552,pays_hors_referentiel_ue,Code pays absent du referentiel UE local
7852,Fabrica Consulting SARL,FI,FI,FI6598120,FI6598120,format_invalide,Numero nettoye non conforme au format attendu pour le pays
7853,Azur Logistics Oy,SE,SE,SE37475359650,SE37475359650,format_invalide,Numero nettoye non conforme au format attendu pour le pays
7854,Verso Distribution AB,SE,SE,SE0K5012936701,SE0K5012936701,format_invalide,Numero nettoye non conforme au format attendu pour le pays
7857,Prima Consulting A/S,FI,FI,FI878G8514,FI878G8514,format_invalide,Numero nettoye non conforme au format attendu pour le pays
7866,Fabrica Industries A/S,GB,GB,GB36114193840,GB36114193840,pays_hors_perimetre_vies,Pays present dans le fichier mais hors Union europeenne
7877,Prima Transports SAS,IT,IT,-,,numero_tva_absent,Numero TVA absent
7880,Verso Consulting SA,LU,LU,38533958,38533958,format_invalide,Numero nettoye non conforme au format attendu pour le pays
7886,Batavia Industries Oy,BE,BE,BE0727J92211,BE0727J92211,format_invalide,Numero nettoye non conforme au format attendu pour le pays
7888,Alpine Services SAS,GB,GB,GB713562328B14,GB713562328B14,pays_hors_perimetre_vies,Pays present dans le fichier mais hors Union europeenne
7889,Vertex Foods SA,PT,PT,PT48318957,PT48318957,format_invalide,Numero nettoye non conforme au format attendu pour le pays
7890,Solaris Distribution BV,IT,IT,85910664359,85910664359,format_invalide,Numero nettoye non conforme au format attendu pour le pays
7906,Solaris Technologies SARL,SE,SE,,,numero_tva_absent,Numero TVA absent
7908,Fabrica Technologies Oy,GB,GB,GB15615549,GB15615549,pays_hors_perimetre_vies,Pays present dans le fichier mais hors Union europeenne
7911,Solaris Trading Oy,LU,LU,-,,numero_tva_absent,Numero TVA absent
7915,Atlantic Distribution NV,FI,FI,FI788673258,FI788673258,format_invalide,Numero nettoye non conforme au format attendu pour le pays
7932,Azur Transports SA,PL,PL,PL63718K9050,PL63718K9050,format_invalide,Numero nettoye non conforme au format attendu pour le pays
7937,Batavia Foods SA,NL,NL,634496700B91,634496700B91,format_invalide,Numero nettoye non conforme au format attendu pour le pays
7951,Solaris Consulting GmbH,IT,IT,IT1871396186,IT1871396186,format_invalide,Numero nettoye non conforme au format attendu pour le pays
7952,Nord Transports GmbH,LU,LU,LU47931J51,LU47931J51,format_invalide,Numero nettoye non conforme au format attendu pour le pays
7954,Vela Transports A/S,IT,IT, ,,numero_tva_absent,Numero TVA absent
7955,Lusitania Consulting Sp. z o.o.,PL,PL,PL23973K5152,PL23973K5152,format_invalide,Numero nettoye non conforme au format attendu pour le pays
7957,Vertex Foods Sp. z o.o.,LU,LU,28711287,28711287,format_invalide,Numero nettoye non conforme au format attendu pour le pays
7959,Batavia Transports BV,XX,XX,XX12777268372,XX12777268372,pays_hors_referentiel_ue,Code pays absent du referentiel UE local
7963,Vertex Industries SAS,DK,DK,90896997,90896997,format_invalide,Numero nettoye non conforme au format attendu pour le pays
7970,Corvus Technologies SpA,IT,IT,17028113193,17028113193,format_invalide,Numero nettoye non conforme au format attendu pour le pays
7971,Lusitania Materials Oy,DK,DK,12408072,12408072,format_invalide,Numero nettoye non conforme au format attendu pour le pays
7973,Granit Distribution BV,SE,SE,SE25594607590,SE25594607590,format_invalide,Numero nettoye non conforme au format attendu pour le pays
7976,Lusitania Distribution BV,DK,DK,DK7169297,DK7169297,format_invalide,Numero nettoye non conforme au format attendu pour le pays
7979,Delta Distribution Sp. z o.o.,LU,LU,-,,numero_tva_absent,Numero TVA absent
7982,Vertex Distribution SA,FI,FI,FI765J3193,FI765J3193,format_invalide,Numero nettoye non conforme au format attendu pour le pays
7983,Hanse Distribution SpA,IT,IT,IT137924460673,IT137924460673,format_invalide,Numero nettoye non conforme au format attendu pour le pays
7986,Metallo Industries AB,PL,PL,PL84184775098,PL84184775098,format_invalide,Numero nettoye non conforme au format attendu pour le pays
8002,Atlantic Industries SA,PT,PT,PT6170867961,PT6170867961,format_invalide,Numero nettoye non conforme au format attendu pour le pays
8013,Lusitania Distribution SAS,SE,SE,SE0686633892015,SE0686633892015,format_invalide,Numero nettoye non conforme au format attendu pour le pays
8015,Lumen Distribution BV,GB,GB,GB961154519,GB961154519,pays_hors_perimetre_vies,Pays present dans le fichier mais hors Union europeenne
8018,Vela Services SpA,DK,DK,DK6228973,DK6228973,format_invalide,Numero nettoye non conforme au format attendu pour le pays
8020,Papyrus Trading Oy,BE,BE,1115104971,1115104971,format_invalide,Numero nettoye non conforme au format attendu pour le pays
8021,Metallo Services SARL,PT,PT,PT88262677,PT88262677,format_invalide,Numero nettoye non conforme au format attendu pour le pays
8023,Cobalt Technologies SAS,QQ,QQ,QQ34476825293,QQ34476825293,pays_hors_referentiel_ue,Code pays absent du referentiel UE local
8030,Atlantic Materials Oy,FR,FR,FR052098721405,FR052098721405,format_invalide,Numero nettoye non conforme au format attendu pour le pays
8032,Azur Transports SA,BE,BE,BE18519M7961,BE18519M7961,format_invalide,Numero nettoye non conforme au format attendu pour le pays
8040,Verso Industries Lda,FI,FI,,,numero_tva_absent,Numero TVA absent
8041,Global Trading NV,DK,DK,DK9253M010,DK9253M010,format_invalide,Numero nettoye non conforme au format attendu pour le pays
8043,Ardent Consulting SARL,QQ,QQ,QQ03938109,QQ03938109,pays_hors_referentiel_ue,Code pays absent du referentiel UE local
8046,Fabrica Logistics AB,FR,FR,37930924593,37930924593,format_invalide,Numero nettoye non conforme au format attendu pour le pays
8047,Textil Services BV,BE,BE,,,numero_tva_absent,Numero TVA absent
8049,Kappa Logistics Sp. z o.o.,DK,DK,83252138,83252138,format_invalide,Numero nettoye non conforme au format attendu pour le pays
8051,Baltic Distribution SAS,IT,IT,19793191602,19793191602,format_invalide,Numero nettoye non conforme au format attendu pour le pays
8052,Vertex Industries SAS,NL,NL,NL200447099BO1,NL200447099BO1,format_invalide,Numero nettoye non conforme au format attendu pour le pays
8055,Fabrica Distribution AB,SE,SE,SE4034959K3101,SE4034959K3101,format_invalide,Numero nettoye non conforme au format attendu pour le pays
8056,Alpine Industries SAS,ZZ,ZZ,ZZ20573269744,ZZ20573269744,pays_hors_referentiel_ue,Code pays absent du referentiel UE local
8059,Textil Services SA,DK,DK,24208435,24208435,format_invalide,Numero nettoye non conforme au format attendu pour le pays
8067,Alpine Industries Sp. z o.o.,IT,IT,IT6564883796,IT6564883796,format_invalide,Numero nettoye non conforme au format attendu pour le pays
8069,Cobalt Industries A/S,SE,SE,863619684501,863619684501,format_invalide,Numero nettoye non conforme au format attendu pour le pays
8074,Granit Logistics SA,PL,PL,PL50570520683,PL50570520683,format_invalide,Numero nettoye non conforme au format attendu pour le pays
8077,Ardent Services SA,FI,FI,FI738996001,FI738996001,format_invalide,Numero nettoye non conforme au format attendu pour le pays
8083,Batavia Technologies SARL,QQ,QQ,QQ515951195B70,QQ515951195B70,pays_hors_referentiel_ue,Code pays absent du referentiel UE local
8092,Verso Logistics BV,SE,SE, ,,numero_tva_absent,Numero TVA absent
8095,Delta Consulting SAS,SE,SE,SE8148932349017,SE8148932349017,format_invalide,Numero nettoye non conforme au format attendu pour le pays
8107,Nord Foods SpA,FR,FR,54355115171,54355115171,format_invalide,Numero nettoye non conforme au format attendu pour le pays
8109,Fabrica Logistics SAS,IT,IT,-,,numero_tva_absent,Numero TVA absent
8110,Alpine Materials SA,DK,DK,39215772,39215772,format_invalide,Numero nettoye non conforme au format attendu pour le pays
8117,Lusitania Industries SA,PL,PL,PL428354229,PL428354229,format_invalide,Numero nettoye non conforme au format attendu pour le pays
8118,Papyrus Logistics SAS,FR,FR,FR346312920776,FR346312920776,format_invalide,Numero nettoye non conforme au format attendu pour le pays
8124,Ardent Logistics BV,BE,BE,BE18O4733245,BE18O4733245,format_invalide,Numero nettoye non conforme au format attendu pour le pays
8128,Papyrus Industries Sp. z o.o.,DK,DK,DK223093908,DK223093908,format_invalide,Numero nettoye non conforme au format attendu pour le pays
8131,Granit Services NV,NL,NL,N/A,NA,numero_tva_absent,Numero TVA absent
8133,Solaris Distribution AB,ZZ,ZZ,ZZ361460481,ZZ361460481,pays_hors_referentiel_ue,Code pays absent du referentiel UE local
8134,Meridian Distribution GmbH,FR,FR,FR4774J716962,FR4774J716962,format_invalide,Numero nettoye non conforme au format attendu pour le pays
8138,Corvus Technologies AB,XX,XX,XX03622282,XX03622282,pays_hors_referentiel_ue,Code pays absent du referentiel UE local
8139,Solaris Technologies SpA,IT,IT,IT900027744H8,IT900027744H8,format_invalide,Numero nettoye non conforme au format attendu pour le pays
8140,Alpine Trading NV,FR,FR,FR443H0908656,FR443H0908656,format_invalide,Numero nettoye non conforme au format attendu pour le pays
8141,Cobalt Foods SpA,DK,DK,DK118795G9,DK118795G9,format_invalide,Numero nettoye non conforme au format attendu pour le pays
8142,Atlantic Logistics SAS,IT,IT,-,,numero_tva_absent,Numero TVA absent
8146,Corvus Trading SpA,FR,FR,FR314829592885,FR314829592885,format_invalide,Numero nettoye non conforme au format attendu pour le pays
8148,Corvus Materials AB,DK,DK,47150671,47150671,format_invalide,Numero nettoye non conforme au format attendu pour le pays
8151,Lusitania Logistics SARL,PL,PL,4134266540,4134266540,format_invalide,Numero nettoye non conforme au format attendu pour le pays
8163,Vertex Trading SARL,LU,LU,LU501806245,LU501806245,format_invalide,Numero nettoye non conforme au format attendu pour le pays
8170,Meridian Trading GmbH,PT,PT,946665567,946665567,format_invalide,Numero nettoye non conforme au format attendu pour le pays
8177,Prima Services Oy,LU,LU,LU496938513,LU496938513,format_invalide,Numero nettoye non conforme au format attendu pour le pays
8187,Papyrus Technologies AB,LU,LU,33513045,33513045,format_invalide,Numero nettoye non conforme au format attendu pour le pays
8189,Textil Transports GmbH,BE,BE,0408446313,0408446313,format_invalide,Numero nettoye non conforme au format attendu pour le pays
8191,Ardent Logistics NV,IT,IT,IT334934186116,IT334934186116,format_invalide,Numero nettoye non conforme au format attendu pour le pays
8197,Nord Materials GmbH,IT,IT,IT41M48595512,IT41M48595512,format_invalide,Numero nettoye non conforme au format attendu pour le pays
8198,Textil Materials NV,QQ,QQ,qq931339431b48,QQ931339431B48,pays_hors_referentiel_ue,Code pays absent du referentiel UE local
8202,Cobalt Services Lda,SE,SE,SE117O24521901,SE117O24521901,format_invalide,Numero nettoye non conforme au format attendu pour le pays
8204,Verso Industries AB,SE,SE,SE8813333013019,SE8813333013019,format_invalide,Numero nettoye non conforme au format attendu pour le pays
8206,Meridian Distribution Lda,FR,FR,FR639M2452974,FR639M2452974,format_invalide,Numero nettoye non conforme au format attendu pour le pays
8209,Atlantic Industries NV,FI,FI,FI1699738,FI1699738,format_invalide,Numero nettoye non conforme au format attendu pour le pays
8211,Batavia Foods A/S,PT,PT,PT3857466367,PT3857466367,format_invalide,Numero nettoye non conforme au format attendu pour le pays
8217,Lusitania Distribution AB,ZZ,ZZ,ZZ824457182701,ZZ824457182701,pays_hors_referentiel_ue,Code pays absent du referentiel UE local
8219,Textil Services BV,LU,LU,-,,numero_tva_absent,Numero TVA absent
8220,Vertex Materials NV,PL,PL,PL4K18567247,PL4K18567247,format_invalide,Numero nettoye non conforme au format attendu pour le pays
8225,Metallo Industries Oy,LU,LU,LU662864816,LU662864816,format_invalide,Numero nettoye non conforme au format attendu pour le pays
8226,Vertex Technologies GmbH,FR,FR,null,NULL,numero_tva_absent,Numero TVA absent
8228,Lumen Services AB,FR,FR,40370385456,40370385456,format_invalide,Numero nettoye non conforme au format attendu pour le pays
8229,Meridian Logistics SAS,SE,SE,SE01135604600,SE01135604600,format_invalide,Numero nettoye non conforme au format attendu pour le pays
8230,Vertex Services BV,UK,UK,UK1332545121,UK1332545121,pays_hors_perimetre_vies,Pays present dans le fichier mais hors Union europeenne
8232,Vertex Services GmbH,PT,PT,231282710,231282710,format_invalide,Numero nettoye non conforme au format attendu pour le pays
8236,Hanse Transports GmbH,NL,NL,NL96357G033B07,NL96357G033B07,format_invalide,Numero nettoye non conforme au format attendu pour le pays
8237,Vertex Industries Sp. z o.o.,LU,LU,20465140,20465140,format_invalide,Numero nettoye non conforme au format attendu pour le pays
8238,Fabrica Technologies SARL,BE,BE,BE074840468,BE074840468,format_invalide,Numero nettoye non conforme au format attendu pour le pays
8239,Lusitania Distribution Lda,LU,LU,LU92530O59,LU92530O59,format_invalide,Numero nettoye non conforme au format attendu pour le pays
8246,Corvus Distribution Sp. z o.o.,SE,SE,SE1144858980017,SE1144858980017,format_invalide,Numero nettoye non conforme au format attendu pour le pays
8247,Delta Materials BV,BE,BE,BE121251435,BE121251435,format_invalide,Numero nettoye non conforme au format attendu pour le pays
8248,Verso Services GmbH,BE,BE,1357128582,1357128582,format_invalide,Numero nettoye non conforme au format attendu pour le pays
8253,Solaris Foods Oy,ZZ,ZZ,ZZ0989250837,ZZ0989250837,pays_hors_referentiel_ue,Code pays absent du referentiel UE local
8254,Fabrica Foods NV,PL,PL,PL667841811,PL667841811,format_invalide,Numero nettoye non conforme au format attendu pour le pays
8272,Kappa Trading AB,NL,NL,307885021B85,307885021B85,format_invalide,Numero nettoye non conforme au format attendu pour le pays
8279,Hanse Distribution AB,FR,FR,10874186374,10874186374,format_invalide,Numero nettoye non conforme au format attendu pour le pays
8289,Metallo Materials Lda,SE,SE,N/A,NA,numero_tva_absent,Numero TVA absent
8291,Vela Transports SpA,FR,FR,73833294396,73833294396,format_invalide,Numero nettoye non conforme au format attendu pour le pays
8294,Kappa Logistics SA,QQ,QQ,QQ477545203,QQ477545203,pays_hors_referentiel_ue,Code pays absent du referentiel UE local
8297,Kappa Materials SAS,PL,PL,N/A,NA,numero_tva_absent,Numero TVA absent
8299,Nord Services AB,IT,IT,IT3O403121024,IT3O403121024,format_invalide,Numero nettoye non conforme au format attendu pour le pays
8306,Fabrica Materials Oy,SE,SE,SE5435104004G1,SE5435104004G1,format_invalide,Numero nettoye non conforme au format attendu pour le pays
8309,Verso Technologies SA,IT,IT,IT186242087914,IT186242087914,format_invalide,Numero nettoye non conforme au format attendu pour le pays
8310,Corvus Consulting BV,FR,FR,FR74K63000469,FR74K63000469,format_invalide,Numero nettoye non conforme au format attendu pour le pays
8312,Delta Materials SpA,QQ,QQ,QQ33815232625,QQ33815232625,pays_hors_referentiel_ue,Code pays absent du referentiel UE local
8314,Kappa Distribution SARL,PT,PT,596950080,596950080,format_invalide,Numero nettoye non conforme au format attendu pour le pays
8339,Alpine Technologies SARL,BE,BE,BE128585902,BE128585902,format_invalide,Numero nettoye non conforme au format attendu pour le pays
8343,Global Transports A/S,PL,PL,2828139387,2828139387,format_invalide,Numero nettoye non conforme au format attendu pour le pays
8345,Verso Industries SpA,NL,NL,NL673150G57B13,NL673150G57B13,format_invalide,Numero nettoye non conforme au format attendu pour le pays
8347,Kappa Services GmbH,FR,FR,FR3664455967,FR3664455967,format_invalide,Numero nettoye non conforme au format attendu pour le pays
8349,Vertex Foods AB,UK,UK,UK1720119410,UK1720119410,pays_hors_perimetre_vies,Pays present dans le fichier mais hors Union europeenne
8355,Corvus Consulting Oy,GB,GB,GB41638846407,GB41638846407,pays_hors_perimetre_vies,Pays present dans le fichier mais hors Union europeenne
8356,Papyrus Technologies NV,LU,LU,LU3122180O,LU3122180O,format_invalide,Numero nettoye non conforme au format attendu pour le pays
8357,Lumen Technologies NV,FR,FR,FR043077426506,FR043077426506,format_invalide,Numero nettoye non conforme au format attendu pour le pays
8359,Kappa Materials NV,QQ,QQ,QQ225668727401,QQ225668727401,pays_hors_referentiel_ue,Code pays absent du referentiel UE local
8363,Ardent Consulting SpA,XX,XX,XX34554609,XX34554609,pays_hors_referentiel_ue,Code pays absent du referentiel UE local
8364,Cobalt Logistics Sp. z o.o.,BE,BE,BE19343811267,BE19343811267,format_invalide,Numero nettoye non conforme au format attendu pour le pays
8376,Atlantic Trading Sp. z o.o.,FI,FI,33641533,33641533,format_invalide,Numero nettoye non conforme au format attendu pour le pays
8379,Global Distribution SAS,UK,UK,UK584246820,UK584246820,pays_hors_perimetre_vies,Pays present dans le fichier mais hors Union europeenne
8386,Textil Materials Sp. z o.o.,IT,IT,-,,numero_tva_absent,Numero TVA absent
8388,Atlantic Transports NV,DK,DK,40549919,40549919,format_invalide,Numero nettoye non conforme au format attendu pour le pays
8391,Baltic Materials Lda,PL,PL,PL20369824129,PL20369824129,format_invalide,Numero nettoye non conforme au format attendu pour le pays
8393,Azur Consulting SA,FR,FR,FR218109821809,FR218109821809,format_invalide,Numero nettoye non conforme au format attendu pour le pays
8397,Delta Transports Sp. z o.o.,NL,NL,NL505577562B876,NL505577562B876,format_invalide,Numero nettoye non conforme au format attendu pour le pays
8407,Prima Distribution SpA,UK,UK,UK8571292313,UK8571292313,pays_hors_perimetre_vies,Pays present dans le fichier mais hors Union europeenne
8412,Lumen Distribution Oy,XX,XX,XX767987731101,XX767987731101,pays_hors_referentiel_ue,Code pays absent du referentiel UE local
8414,Corvus Industries Sp. z o.o.,FR,FR,FR91663282H17,FR91663282H17,format_invalide,Numero nettoye non conforme au format attendu pour le pays
8415,Lumen Technologies A/S,FI,FI, ,,numero_tva_absent,Numero TVA absent
8420,Hanse Materials SA,GB,GB,GB709565537B35,GB709565537B35,pays_hors_perimetre_vies,Pays present dans le fichier mais hors Union europeenne
8422,Atlantic Industries A/S,BE,BE,BE170118669,BE170118669,format_invalide,Numero nettoye non conforme au format attendu pour le pays
8425,Granit Foods Oy,IT,IT,IT7121759089,IT7121759089,format_invalide,Numero nettoye non conforme au format attendu pour le pays
8427,Alpine Services AB,GB,GB,GB.349562396301,GB349562396301,pays_hors_perimetre_vies,Pays present dans le fichier mais hors Union europeenne
8434,Orion Trading AB,PT,PT,PT433H69730,PT433H69730,format_invalide,Numero nettoye non conforme au format attendu pour le pays
8436,Prima Technologies SARL,PT,PT,-,,numero_tva_absent,Numero TVA absent
8440,Vela Logistics BV,PL,PL,N/A,NA,numero_tva_absent,Numero TVA absent
8448,Fabrica Foods A/S,LU,LU,LUO7445972,LUO7445972,format_invalide,Numero nettoye non conforme au format attendu pour le pays
8450,Vela Consulting SA,GB,GB,GB35888840,GB35888840,pays_hors_perimetre_vies,Pays present dans le fichier mais hors Union europeenne
8454,Solaris Services Oy,GB,GB,GB0847139503,GB0847139503,pays_hors_perimetre_vies,Pays present dans le fichier mais hors Union europeenne
8455,Vela Foods Lda,DK,DK,DK5477493,DK5477493,format_invalide,Numero nettoye non conforme au format attendu pour le pays
8459,Atlantic Technologies Sp. z o.o.,LU,LU,21661275,21661275,format_invalide,Numero nettoye non conforme au format attendu pour le pays
8462,Global Transports GmbH,PT,PT,PT96647461,PT96647461,format_invalide,Numero nettoye non conforme au format attendu pour le pays
8467,Lumen Logistics SpA,SE,SE,SE07055H370401,SE07055H370401,format_invalide,Numero nettoye non conforme au format attendu pour le pays
8469,Granit Consulting A/S,ZZ,ZZ,ZZ84884249,ZZ84884249,pays_hors_referentiel_ue,Code pays absent du referentiel UE local
8478,Fabrica Logistics AB,LU,LU,LU3383536,LU3383536,format_invalide,Numero nettoye non conforme au format attendu pour le pays
8488,Delta Technologies SA,LU,LU,LU3323926M,LU3323926M,format_invalide,Numero nettoye non conforme au format attendu pour le pays
8492,Batavia Industries A/S,FI,FI, ,,numero_tva_absent,Numero TVA absent
8494,Fabrica Logistics BV,SE,SE,203837153601,203837153601,format_invalide,Numero nettoye non conforme au format attendu pour le pays
8496,Papyrus Logistics SpA,LU,LU,LU135230390,LU135230390,format_invalide,Numero nettoye non conforme au format attendu pour le pays
8501,Batavia Distribution SpA,LU,LU,LU9319987,LU9319987,format_invalide,Numero nettoye non conforme au format attendu pour le pays
8505,Granit Services A/S,SE,SE,SE60991223H601,SE60991223H601,format_invalide,Numero nettoye non conforme au format attendu pour le pays
8515,Alpine Services AB,IT,IT,IT68448O45808,IT68448O45808,format_invalide,Numero nettoye non conforme au format attendu pour le pays
8531,Kappa Technologies AB,SE,SE,SE2341G1500701,SE2341G1500701,format_invalide,Numero nettoye non conforme au format attendu pour le pays
8532,Vertex Distribution SARL,PL,PL,PL18H9522089,PL18H9522089,format_invalide,Numero nettoye non conforme au format attendu pour le pays
8534,Delta Materials Oy,LU,LU,LU6367140,LU6367140,format_invalide,Numero nettoye non conforme au format attendu pour le pays
8536,Textil Materials Oy,FR,FR,null,NULL,numero_tva_absent,Numero TVA absent
8537,Prima Technologies AB,FR,FR,58560322811,58560322811,format_invalide,Numero nettoye non conforme au format attendu pour le pays
8541,Granit Services SA,FI,FI,FI724360813,FI724360813,format_invalide,Numero nettoye non conforme au format attendu pour le pays
8543,Verso Materials Oy,FI,FI,FI754193834,FI754193834,format_invalide,Numero nettoye non conforme au format attendu pour le pays
8545,Meridian Foods Sp. z o.o.,BE,BE,BE1O50053158,BE1O50053158,format_invalide,Numero nettoye non conforme au format attendu pour le pays
8548,Azur Industries GmbH,BE,BE,BE17622205769,BE17622205769,format_invalide,Numero nettoye non conforme au format attendu pour le pays
8555,Alpine Technologies SpA,FI,FI,33820021,33820021,format_invalide,Numero nettoye non conforme au format attendu pour le pays
8556,Azur Transports Sp. z o.o.,IT,IT,37666197498,37666197498,format_invalide,Numero nettoye non conforme au format attendu pour le pays
8560,Atlantic Consulting SpA,IT,IT,IT 7579 30G3312,IT757930G3312,format_invalide,Numero nettoye non conforme au format attendu pour le pays
8561,Meridian Services Lda,XX,XX,XX258171339901,XX258171339901,pays_hors_referentiel_ue,Code pays absent du referentiel UE local
8565,Lumen Trading SA,UK,UK,UK595300996B72,UK595300996B72,pays_hors_perimetre_vies,Pays present dans le fichier mais hors Union europeenne
8573,Meridian Technologies Oy,PL,PL,PL626464889,PL626464889,format_invalide,Numero nettoye non conforme au format attendu pour le pays
8579,Metallo Services AB,UK,UK,UK679365217B34,UK679365217B34,pays_hors_perimetre_vies,Pays present dans le fichier mais hors Union europeenne
8581,Solaris Materials SAS,FI,FI,N/A,NA,numero_tva_absent,Numero TVA absent
8586,Fabrica Technologies BV,DK,DK,DK4108940,DK4108940,format_invalide,Numero nettoye non conforme au format attendu pour le pays
8593,Delta Transports SpA,GB,GB,GB51098940,GB51098940,pays_hors_perimetre_vies,Pays present dans le fichier mais hors Union europeenne
8594,Orion Trading SA,FR,FR,FR3552895617,FR3552895617,format_invalide,Numero nettoye non conforme au format attendu pour le pays
8603,Papyrus Industries Lda,BE,BE,0735812504,0735812504,format_invalide,Numero nettoye non conforme au format attendu pour le pays
8610,Granit Foods SARL,FR,FR,null,NULL,numero_tva_absent,Numero TVA absent
8618,Prima Consulting BV,NL,NL,NL98436O508B57,NL98436O508B57,format_invalide,Numero nettoye non conforme au format attendu pour le pays
8620,Corvus Consulting Oy,FR,FR,62958033450,62958033450,format_invalide,Numero nettoye non conforme au format attendu pour le pays
8621,Corvus Industries SpA,IT,IT, ,,numero_tva_absent,Numero TVA absent
8623,Textil Foods Lda,IT,IT,IT133575690557,IT133575690557,format_invalide,Numero nettoye non conforme au format attendu pour le pays
8627,Cobalt Materials Oy,FI,FI,FI6165854,FI6165854,format_invalide,Numero nettoye non conforme au format attendu pour le pays
8629,Hanse Services SA,FR,FR,FR523104792307,FR523104792307,format_invalide,Numero nettoye non conforme au format attendu pour le pays
8630,Fabrica Services GmbH,UK,UK,UK43717766,UK43717766,pays_hors_perimetre_vies,Pays present dans le fichier mais hors Union europeenne
8639,Alpine Logistics Sp. z o.o.,BE,BE,BE136270430,BE136270430,format_invalide,Numero nettoye non conforme au format attendu pour le pays
8646,Batavia Services SpA,PL,PL,PL132840O141,PL132840O141,format_invalide,Numero nettoye non conforme au format attendu pour le pays
8650,Kappa Foods SARL,PL,PL,PL52546179944,PL52546179944,format_invalide,Numero nettoye non conforme au format attendu pour le pays
8651,Global Trading Sp. z o.o.,PT,PT,281677891,281677891,format_invalide,Numero nettoye non conforme au format attendu pour le pays
8654,Ardent Logistics AB,PL,PL,9747769107,9747769107,format_invalide,Numero nettoye non conforme au format attendu pour le pays
8661,Nord Technologies BV,PT,PT,720382513,720382513,format_invalide,Numero nettoye non conforme au format attendu pour le pays
8664,Azur Services Oy,DK,DK,DKG5519666,DKG5519666,format_invalide,Numero nettoye non conforme au format attendu pour le pays
8665,Delta Materials BV,IT,IT,IT8541058K892,IT8541058K892,format_invalide,Numero nettoye non conforme au format attendu pour le pays
8666,Kappa Materials NV,GB,GB,GB35903004,GB35903004,pays_hors_perimetre_vies,Pays present dans le fichier mais hors Union europeenne
8668,Cobalt Foods SAS,FI,FI,FI959459892,FI959459892,format_invalide,Numero nettoye non conforme au format attendu pour le pays
8674,Baltic Services Lda,UK,UK,UK28700601,UK28700601,pays_hors_perimetre_vies,Pays present dans le fichier mais hors Union europeenne
8677,Papyrus Consulting A/S,IT,IT,IT016031760319,IT016031760319,format_invalide,Numero nettoye non conforme au format attendu pour le pays
8679,Vela Trading SpA,FR,FR,FR5453096J284,FR5453096J284,format_invalide,Numero nettoye non conforme au format attendu pour le pays
8685,Solaris Industries SAS,FI,FI,FI2998238,FI2998238,format_invalide,Numero nettoye non conforme au format attendu pour le pays
8690,Global Technologies NV,IT,IT,IT1700376056,IT1700376056,format_invalide,Numero nettoye non conforme au format attendu pour le pays
8693,Batavia Industries SARL,IT,IT,IT2337930M417,IT2337930M417,format_invalide,Numero nettoye non conforme au format attendu pour le pays
8701,Baltic Materials Oy,BE,BE,BE14794305382,BE14794305382,format_invalide,Numero nettoye non conforme au format attendu pour le pays
8706,Cobalt Trading SARL,IT,IT,IT1177601231,IT1177601231,format_invalide,Numero nettoye non conforme au format attendu pour le pays
8708,Textil Services AB,FR,FR,FR328066574719,FR328066574719,format_invalide,Numero nettoye non conforme au format attendu pour le pays
8714,Lusitania Foods A/S,IT,IT,IT2155178510K,IT2155178510K,format_invalide,Numero nettoye non conforme au format attendu pour le pays
8715,Orion Technologies SAS,BE,BE, ,,numero_tva_absent,Numero TVA absent
8717,Textil Consulting Lda,SE,SE,093828954301,093828954301,format_invalide,Numero nettoye non conforme au format attendu pour le pays
8719,Verso Services SpA,LU,LU,LU5209271,LU5209271,format_invalide,Numero nettoye non conforme au format attendu pour le pays
8738,Corvus Technologies SA,FR,FR,FR77894958J35,FR77894958J35,format_invalide,Numero nettoye non conforme au format attendu pour le pays
8740,Nord Distribution AB,IT,IT,77238463713,77238463713,format_invalide,Numero nettoye non conforme au format attendu pour le pays
8743,Batavia Trading GmbH,IT,IT,it2170405537,IT2170405537,format_invalide,Numero nettoye non conforme au format attendu pour le pays
8746,Meridian Materials A/S,FI,FI,11015857,11015857,format_invalide,Numero nettoye non conforme au format attendu pour le pays
8749,Prima Technologies NV,BE,BE,1300729319,1300729319,format_invalide,Numero nettoye non conforme au format attendu pour le pays
8754,Metallo Distribution A/S,DK,DK, ,,numero_tva_absent,Numero TVA absent
8757,Textil Technologies A/S,BE,BE,BE01579060036,BE01579060036,format_invalide,Numero nettoye non conforme au format attendu pour le pays
8759,Papyrus Industries NV,LU,LU,97994555,97994555,format_invalide,Numero nettoye non conforme au format attendu pour le pays
8761,Baltic Materials NV,UK,UK,UK40182860788,UK40182860788,pays_hors_perimetre_vies,Pays present dans le fichier mais hors Union europeenne
8763,Metallo Transports SA,DK,DK,DK6219576K,DK6219576K,format_invalide,Numero nettoye non conforme au format attendu pour le pays
8764,Kappa Trading BV,QQ,QQ,QQ31884950,QQ31884950,pays_hors_referentiel_ue,Code pays absent du referentiel UE local
8767,Hanse Trading SARL,PL,PL,7204095566,7204095566,format_invalide,Numero nettoye non conforme au format attendu pour le pays
8770,Nord Distribution Oy,DK,DK,DK919988154,DK919988154,format_invalide,Numero nettoye non conforme au format attendu pour le pays
8771,Baltic Services AB,PT,PT,108596516,108596516,format_invalide,Numero nettoye non conforme au format attendu pour le pays
8778,Alpine Logistics AB,IT,IT,IT7606043996,IT7606043996,format_invalide,Numero nettoye non conforme au format attendu pour le pays
8792,Cobalt Logistics BV,NL,NL,-,,numero_tva_absent,Numero TVA absent
8793,Lusitania Industries Lda,XX,XX,XX79076597,XX79076597,pays_hors_referentiel_ue,Code pays absent du referentiel UE local
8797,Textil Foods BV,PL,PL,-,,numero_tva_absent,Numero TVA absent
8803,Solaris Consulting Sp. z o.o.,PT,PT,114524165,114524165,format_invalide,Numero nettoye non conforme au format attendu pour le pays
8804,Meridian Trading SARL,UK,UK,UK9237571180,UK9237571180,pays_hors_perimetre_vies,Pays present dans le fichier mais hors Union europeenne
8807,Vela Materials Oy,ZZ,ZZ,ZZ35525629,ZZ35525629,pays_hors_referentiel_ue,Code pays absent du referentiel UE local
8809,Lusitania Industries AB,BE,BE,BE150098809,BE150098809,format_invalide,Numero nettoye non conforme au format attendu pour le pays
8810,Solaris Materials AB,LU,LU,LU406245494,LU406245494,format_invalide,Numero nettoye non conforme au format attendu pour le pays
8815,Corvus Foods BV,BE,BE,1917192627,1917192627,format_invalide,Numero nettoye non conforme au format attendu pour le pays
8816,Textil Distribution BV,PL,PL,PL808081526K,PL808081526K,format_invalide,Numero nettoye non conforme au format attendu pour le pays
8820,Lusitania Transports GmbH,FI,FI,FI480867985,FI480867985,format_invalide,Numero nettoye non conforme au format attendu pour le pays
8832,Ardent Distribution SA,LU,LU,79 4255 19,79425519,format_invalide,Numero nettoye non conforme au format attendu pour le pays
8833,Textil Materials SA,LU,LU,-,,numero_tva_absent,Numero TVA absent
8837,Azur Consulting Oy,BE,BE,BE148235360,BE148235360,format_invalide,Numero nettoye non conforme au format attendu pour le pays
8840,Corvus Transports NV,SE,SE,SE40041273480O,SE40041273480O,format_invalide,Numero nettoye non conforme au format attendu pour le pays
8841,Azur Consulting SAS,IT,IT,83732537473,83732537473,format_invalide,Numero nettoye non conforme au format attendu pour le pays
8843,Orion Foods Oy,LU,LU,73381510,73381510,format_invalide,Numero nettoye non conforme au format attendu pour le pays
8844,Papyrus Transports NV,PT,PT,785115200,785115200,format_invalide,Numero nettoye non conforme au format attendu pour le pays
8847,Cobalt Trading Lda,IT,IT,IT1855655749,IT1855655749,format_invalide,Numero nettoye non conforme au format attendu pour le pays
8852,Cobalt Foods SAS,FI,FI,FI24J77884,FI24J77884,format_invalide,Numero nettoye non conforme au format attendu pour le pays
8853,Granit Trading A/S,IT,IT,IT4139369870O,IT4139369870O,format_invalide,Numero nettoye non conforme au format attendu pour le pays
8854,Nord Logistics AB,GB,GB,GB64343521,GB64343521,pays_hors_perimetre_vies,Pays present dans le fichier mais hors Union europeenne
8858,Orion Materials AB,XX,XX,XX52276918685,XX52276918685,pays_hors_referentiel_ue,Code pays absent du referentiel UE local
8860,Nord Industries SARL,NL,NL,217542980B47,217542980B47,format_invalide,Numero nettoye non conforme au format attendu pour le pays
8873,Atlantic Consulting SpA,FR,FR,FR1096951234,FR1096951234,format_invalide,Numero nettoye non conforme au format attendu pour le pays
8877,Orion Services SpA,DK,DK,DK0525265J,DK0525265J,format_invalide,Numero nettoye non conforme au format attendu pour le pays
8879,Solaris Technologies SAS,DK,DK,DK63989J45,DK63989J45,format_invalide,Numero nettoye non conforme au format attendu pour le pays
8881,Nord Logistics SA,GB,GB,GB1743774047,GB1743774047,pays_hors_perimetre_vies,Pays present dans le fichier mais hors Union europeenne
8884,Vertex Transports SpA,XX,XX,XX3653869147,XX3653869147,pays_hors_referentiel_ue,Code pays absent du referentiel UE local
8892,Delta Materials A/S,SE,SE,,,numero_tva_absent,Numero TVA absent
8894,Solaris Trading Lda,FR,FR,FR0388497202,FR0388497202,format_invalide,Numero nettoye non conforme au format attendu pour le pays
8906,Lusitania Logistics Oy,PL,PL,PL135642046,PL135642046,format_invalide,Numero nettoye non conforme au format attendu pour le pays
8921,Batavia Technologies Lda,IT,IT,IT48545507O46,IT48545507O46,format_invalide,Numero nettoye non conforme au format attendu pour le pays
8944,Batavia Technologies NV,PT,PT,-,,numero_tva_absent,Numero TVA absent
8947,Batavia Consulting BV,NL,NL,NL887811966O95,NL887811966O95,format_invalide,Numero nettoye non conforme au format attendu pour le pays
8953,Vertex Logistics NV,FR,FR,84922734349,84922734349,format_invalide,Numero nettoye non conforme au format attendu pour le pays
8955,Kappa Industries SpA,IT,IT,83173935947,83173935947,format_invalide,Numero nettoye non conforme au format attendu pour le pays
8964,Atlantic Logistics SAS,XX,XX,XX33819566005,XX33819566005,pays_hors_referentiel_ue,Code pays absent du referentiel UE local
8969,Papyrus Technologies BV,BE,BE, ,,numero_tva_absent,Numero TVA absent
8970,Cobalt Distribution SA,ZZ,ZZ,ZZ69879354,ZZ69879354,pays_hors_referentiel_ue,Code pays absent du referentiel UE local
8985,Orion Consulting BV,BE,BE,BE02539942031,BE02539942031,format_invalide,Numero nettoye non conforme au format attendu pour le pays
9000,Kappa Materials SAS,PL,PL,N/A,NA,numero_tva_absent,Numero TVA absent
9006,Hanse Transports GmbH,PT,PT,757548172,757548172,format_invalide,Numero nettoye non conforme au format attendu pour le pays
9015,Kappa Materials SAS,NL,NL,  253360018B13 ,253360018B13,format_invalide,Numero nettoye non conforme au format attendu pour le pays
9018,Papyrus Materials BV,LU,LU,LU8668781,LU8668781,format_invalide,Numero nettoye non conforme au format attendu pour le pays
9019,Cobalt Trading Sp. z o.o.,UK,UK,UK113821611,UK113821611,pays_hors_perimetre_vies,Pays present dans le fichier mais hors Union europeenne
9024,Cobalt Services SARL,SE,SE,SE3830K4203201,SE3830K4203201,format_invalide,Numero nettoye non conforme au format attendu pour le pays
9026,Vertex Services BV,BE,BE,BE09328572M5,BE09328572M5,format_invalide,Numero nettoye non conforme au format attendu pour le pays
9028,Cobalt Trading SpA,PT,PT,,,numero_tva_absent,Numero TVA absent
9031,Global Industries Sp. z o.o.,DK,DK,16881910,16881910,format_invalide,Numero nettoye non conforme au format attendu pour le pays
9032,Hanse Technologies A/S,BE,BE,BE08648352710,BE08648352710,format_invalide,Numero nettoye non conforme au format attendu pour le pays
9035,Orion Logistics SARL,GB,GB,GB962408298,GB962408298,pays_hors_perimetre_vies,Pays present dans le fichier mais hors Union europeenne
9041,Ardent Materials GmbH,FI,FI,24956728,24956728,format_invalide,Numero nettoye non conforme au format attendu pour le pays
9042,Papyrus Transports AB,SE,SE,SE7141525357013,SE7141525357013,format_invalide,Numero nettoye non conforme au format attendu pour le pays
9043,Baltic Logistics BV,DK,DK,19590739,19590739,format_invalide,Numero nettoye non conforme au format attendu pour le pays
9044,Papyrus Trading Lda,NL,NL,,,numero_tva_absent,Numero TVA absent
9047,Kappa Distribution SpA,PL,PL,3677870794,3677870794,format_invalide,Numero nettoye non conforme au format attendu pour le pays
9049,Metallo Distribution SA,ZZ,ZZ,ZZ930766032,ZZ930766032,pays_hors_referentiel_ue,Code pays absent du referentiel UE local
9055,Baltic Trading AB,SE,SE,712109896101,712109896101,format_invalide,Numero nettoye non conforme au format attendu pour le pays
9057,Granit Logistics SA,QQ,QQ,QQ19312119,QQ19312119,pays_hors_referentiel_ue,Code pays absent du referentiel UE local
9061,Solaris Consulting NV,SE,SE,SE766932O82601,SE766932O82601,format_invalide,Numero nettoye non conforme au format attendu pour le pays
9066,Cobalt Logistics A/S,NL,NL,NL138880773B482,NL138880773B482,format_invalide,Numero nettoye non conforme au format attendu pour le pays
9069,Meridian Logistics SpA,XX,XX,XX51744369763,XX51744369763,pays_hors_referentiel_ue,Code pays absent du referentiel UE local
9072,Baltic Distribution SAS,PT,PT,-,,numero_tva_absent,Numero TVA absent
9075,Prima Technologies SA,QQ,QQ,QQ44543541,QQ44543541,pays_hors_referentiel_ue,Code pays absent du referentiel UE local
9076,Vertex Trading SA,SE,SE,254768032801,254768032801,format_invalide,Numero nettoye non conforme au format attendu pour le pays
9080,Meridian Foods GmbH,GB,GB,GB4437392019,GB4437392019,pays_hors_perimetre_vies,Pays present dans le fichier mais hors Union europeenne
9083,Verso Technologies BV,PL,PL,N/A,NA,numero_tva_absent,Numero TVA absent
9098,Baltic Foods BV,FR,FR,FR719814553641,FR719814553641,format_invalide,Numero nettoye non conforme au format attendu pour le pays
9100,Ardent Industries SAS,IT,IT,08538180715,08538180715,format_invalide,Numero nettoye non conforme au format attendu pour le pays
9102,Vertex Materials GmbH,NL,NL,NL245691820B7,NL245691820B7,format_invalide,Numero nettoye non conforme au format attendu pour le pays
9108,Metallo Distribution Sp. z o.o.,DK,DK,,,numero_tva_absent,Numero TVA absent
9111,Verso Logistics BV,PT,PT,N/A,NA,numero_tva_absent,Numero TVA absent
9113,Fabrica Technologies SAS,XX,XX,XX12513905,XX12513905,pays_hors_referentiel_ue,Code pays absent du referentiel UE local
9116,Corvus Foods SARL,FI,FI,24234418,24234418,format_invalide,Numero nettoye non conforme au format attendu pour le pays
9119,Ardent Foods NV,PL,PL,PL17732282O5,PL17732282O5,format_invalide,Numero nettoye non conforme au format attendu pour le pays
9126,Vela Consulting SA,NL,NL,NL461404J17B07,NL461404J17B07,format_invalide,Numero nettoye non conforme au format attendu pour le pays
9127,Global Materials A/S,BE,BE,0412434201,0412434201,format_invalide,Numero nettoye non conforme au format attendu pour le pays
9128,Lumen Trading GmbH,LU,LU,99465277,99465277,format_invalide,Numero nettoye non conforme au format attendu pour le pays
9129,Lumen Services Lda,PT,PT,PT6203540207,PT6203540207,format_invalide,Numero nettoye non conforme au format attendu pour le pays
9130,Prima Foods A/S,BE,BE,0112496541,0112496541,format_invalide,Numero nettoye non conforme au format attendu pour le pays
9134,Atlantic Industries NV,PL,PL,PL21886631736,PL21886631736,format_invalide,Numero nettoye non conforme au format attendu pour le pays
9143,Hanse Logistics BV,PT,PT,PT96048H764,PT96048H764,format_invalide,Numero nettoye non conforme au format attendu pour le pays
9151,Papyrus Trading Oy,DK,DK,87470784,87470784,format_invalide,Numero nettoye non conforme au format attendu pour le pays
9153,Lumen Services Sp. z o.o.,PL,PL,null,NULL,numero_tva_absent,Numero TVA absent
9158,Hanse Transports GmbH,PT,PT,757548172,757548172,format_invalide,Numero nettoye non conforme au format attendu pour le pays
9164,Vela Industries SAS,PT,PT,PT15712320,PT15712320,format_invalide,Numero nettoye non conforme au format attendu pour le pays
9175,Verso Industries GmbH,LU,LU,LUJ6535765,LUJ6535765,format_invalide,Numero nettoye non conforme au format attendu pour le pays
9176,Vela Materials SAS,FR,FR,53694655361,53694655361,format_invalide,Numero nettoye non conforme au format attendu pour le pays
9177,Delta Trading Sp. z o.o.,BE,BE,BE08076997962,BE08076997962,format_invalide,Numero nettoye non conforme au format attendu pour le pays
9181,Fabrica Industries SA,LU,LU,47520938,47520938,format_invalide,Numero nettoye non conforme au format attendu pour le pays
9184,Vela Materials Lda,DK,DK,,,numero_tva_absent,Numero TVA absent
9190,Delta Distribution SAS,ZZ,ZZ,ZZ18221713185,ZZ18221713185,pays_hors_referentiel_ue,Code pays absent du referentiel UE local
9192,Textil Services A/S,LU,LU,92278836,92278836,format_invalide,Numero nettoye non conforme au format attendu pour le pays
9198,Cobalt Consulting AB,FI,FI,-,,numero_tva_absent,Numero TVA absent
9199,Atlantic Industries AB,BE,BE,BE171237029H,BE171237029H,format_invalide,Numero nettoye non conforme au format attendu pour le pays
9200,Orion Materials SpA,BE,BE,0339918682,0339918682,format_invalide,Numero nettoye non conforme au format attendu pour le pays
9205,Global Distribution Sp. z o.o.,QQ,QQ,QQ310743667B47,QQ310743667B47,pays_hors_referentiel_ue,Code pays absent du referentiel UE local
9206,Metallo Distribution SARL,FI,FI,null,NULL,numero_tva_absent,Numero TVA absent
9209,Ardent Services Oy,IT,IT,IT24G15324047,IT24G15324047,format_invalide,Numero nettoye non conforme au format attendu pour le pays
9211,Global Consulting SARL,IT,IT,IT91O49072614,IT91O49072614,format_invalide,Numero nettoye non conforme au format attendu pour le pays
9213,Prima Logistics Oy,XX,XX,XX201142501001,XX201142501001,pays_hors_referentiel_ue,Code pays absent du referentiel UE local
9216,Hanse Technologies BV,DK,DK,DK66K35679,DK66K35679,format_invalide,Numero nettoye non conforme au format attendu pour le pays
9218,Vela Foods SAS,DK,DK,41257717,41257717,format_invalide,Numero nettoye non conforme au format attendu pour le pays
9223,Fabrica Consulting SA,PT,PT,PT24512082,PT24512082,format_invalide,Numero nettoye non conforme au format attendu pour le pays
9226,Metallo Services A/S,ZZ,ZZ,ZZ656677825101,ZZ656677825101,pays_hors_referentiel_ue,Code pays absent du referentiel UE local
9228,Batavia Foods SpA,FI,FI,FI5534623,FI5534623,format_invalide,Numero nettoye non conforme au format attendu pour le pays
9242,Vela Distribution SpA,NL,NL,164876285B76,164876285B76,format_invalide,Numero nettoye non conforme au format attendu pour le pays
9243,Textil Consulting NV,FR,FR,FR1452098111K,FR1452098111K,format_invalide,Numero nettoye non conforme au format attendu pour le pays
9249,Textil Services BV,ZZ,ZZ,ZZ562839208,ZZ562839208,pays_hors_referentiel_ue,Code pays absent du referentiel UE local
9252,Global Consulting Sp. z o.o.,FI,FI,FI2430603,FI2430603,format_invalide,Numero nettoye non conforme au format attendu pour le pays
9254,Lumen Logistics GmbH,DK,DK,DK9032744,DK9032744,format_invalide,Numero nettoye non conforme au format attendu pour le pays
9258,Verso Technologies BV,BE,BE, ,,numero_tva_absent,Numero TVA absent
9267,Lumen Materials NV,NL,NL,NL618486549B191,NL618486549B191,format_invalide,Numero nettoye non conforme au format attendu pour le pays
9271,Vela Industries A/S,LU,LU,89528938,89528938,format_invalide,Numero nettoye non conforme au format attendu pour le pays
9273,Lusitania Foods BV,PT,PT,PT8910358008,PT8910358008,format_invalide,Numero nettoye non conforme au format attendu pour le pays
9274,Vertex Technologies Oy,FR,FR,FR521265297M8,FR521265297M8,format_invalide,Numero nettoye non conforme au format attendu pour le pays
9275,Batavia Foods SAS,GB,GB,GB215292672701,GB215292672701,pays_hors_perimetre_vies,Pays present dans le fichier mais hors Union europeenne
9283,Papyrus Services GmbH,SE,SE,  486602710701 ,486602710701,format_invalide,Numero nettoye non conforme au format attendu pour le pays
9291,Orion Trading BV,PT,PT,N/A,NA,numero_tva_absent,Numero TVA absent
9294,Batavia Technologies Lda,PT,PT,272739413,272739413,format_invalide,Numero nettoye non conforme au format attendu pour le pays
9297,Granit Industries SA,NL,NL,NL520778728B605,NL520778728B605,format_invalide,Numero nettoye non conforme au format attendu pour le pays
9299,Vertex Trading GmbH,PL,PL,-,,numero_tva_absent,Numero TVA absent
9305,Kappa Logistics BV,BE,BE,1982877859,1982877859,format_invalide,Numero nettoye non conforme au format attendu pour le pays
9306,Granit Transports AB,NL,NL,NL983102867B829,NL983102867B829,format_invalide,Numero nettoye non conforme au format attendu pour le pays
9309,Orion Materials SpA,FR,FR,49135372307,49135372307,format_invalide,Numero nettoye non conforme au format attendu pour le pays
9312,Lusitania Industries A/S,QQ,QQ,QQ52339135552,QQ52339135552,pays_hors_referentiel_ue,Code pays absent du referentiel UE local
9313,Vela Trading Oy,LU,LU,LU3960498,LU3960498,format_invalide,Numero nettoye non conforme au format attendu pour le pays
9315,Meridian Services Oy,ZZ,ZZ,ZZ58728159,ZZ58728159,pays_hors_referentiel_ue,Code pays absent du referentiel UE local
9316,Solaris Foods BV,NL,NL,NL396549068B641,NL396549068B641,format_invalide,Numero nettoye non conforme au format attendu pour le pays
9325,Metallo Materials AB,SE,SE,761636825901,761636825901,format_invalide,Numero nettoye non conforme au format attendu pour le pays
9331,Vertex Consulting SAS,IT,IT,IT715917441401,IT715917441401,format_invalide,Numero nettoye non conforme au format attendu pour le pays
9342,Textil Distribution NV,BE,BE,0711014057,0711014057,format_invalide,Numero nettoye non conforme au format attendu pour le pays
9346,Baltic Industries SpA,DK,DK,DK638343003,DK638343003,format_invalide,Numero nettoye non conforme au format attendu pour le pays
9351,Prima Consulting SAS,LU,LU,LU676405052,LU676405052,format_invalide,Numero nettoye non conforme au format attendu pour le pays
9354,Baltic Logistics Oy,GB,GB,GB1208500630,GB1208500630,pays_hors_perimetre_vies,Pays present dans le fichier mais hors Union europeenne
9356,Vertex Materials GmbH,PT,PT,pt3589k2263,PT3589K2263,format_invalide,Numero nettoye non conforme au format attendu pour le pays
9357,Meridian Services Oy,FI,FI,FI8320287,FI8320287,format_invalide,Numero nettoye non conforme au format attendu pour le pays
9361,Papyrus Technologies BV,QQ,QQ,QQ51972864,QQ51972864,pays_hors_referentiel_ue,Code pays absent du referentiel UE local
9362,Fabrica Distribution AB,LU,LU,LU8261586,LU8261586,format_invalide,Numero nettoye non conforme au format attendu pour le pays
9364,Fabrica Trading Oy,SE,SE,,,numero_tva_absent,Numero TVA absent
9367,Corvus Distribution BV,LU,LU,null,NULL,numero_tva_absent,Numero TVA absent
9368,Papyrus Logistics Sp. z o.o.,QQ,QQ,QQ0386158483,QQ0386158483,pays_hors_referentiel_ue,Code pays absent du referentiel UE local
9370,Fabrica Trading SpA,UK,UK,UK7953607873,UK7953607873,pays_hors_perimetre_vies,Pays present dans le fichier mais hors Union europeenne
9373,Meridian Services GmbH,DK,DK,14573585,14573585,format_invalide,Numero nettoye non conforme au format attendu pour le pays
9375,Ardent Foods A/S,FI,FI,FI363167285,FI363167285,format_invalide,Numero nettoye non conforme au format attendu pour le pays
9377,Kappa Foods Lda,NL,NL,N/A,NA,numero_tva_absent,Numero TVA absent
9379,Lumen Services Lda,FI,FI,-,,numero_tva_absent,Numero TVA absent
9382,Lumen Transports BV,SE,SE,524442207601,524442207601,format_invalide,Numero nettoye non conforme au format attendu pour le pays
9385,Vela Industries SAS,SE,SE,536862254301,536862254301,format_invalide,Numero nettoye non conforme au format attendu pour le pays
9386,Prima Trading SARL,GB,GB,GB27946303,GB27946303,pays_hors_perimetre_vies,Pays present dans le fichier mais hors Union europeenne
9389,Azur Consulting BV,GB,GB,GB97101574,GB97101574,pays_hors_perimetre_vies,Pays present dans le fichier mais hors Union europeenne
9393,Batavia Services A/S,BE,BE,BE06976269683,BE06976269683,format_invalide,Numero nettoye non conforme au format attendu pour le pays
9401,Lumen Technologies Lda,FI,FI,FI 6427 400,FI6427400,format_invalide,Numero nettoye non conforme au format attendu pour le pays
9402,Orion Consulting SAS,IT,IT,IT947877073090,IT947877073090,format_invalide,Numero nettoye non conforme au format attendu pour le pays
9405,Alpine Foods NV,DK,DK, ,,numero_tva_absent,Numero TVA absent
9406,Alpine Technologies SpA,PL,PL,PL467J735810,PL467J735810,format_invalide,Numero nettoye non conforme au format attendu pour le pays
9412,Prima Consulting Lda,LU,LU,LU27743J17,LU27743J17,format_invalide,Numero nettoye non conforme au format attendu pour le pays
9415,Verso Materials SpA,FR,FR,FR67625554J53,FR67625554J53,format_invalide,Numero nettoye non conforme au format attendu pour le pays
9425,Ardent Distribution Sp. z o.o.,NL,NL,NL3003O0132B57,NL3003O0132B57,format_invalide,Numero nettoye non conforme au format attendu pour le pays
9426,Baltic Industries Lda,GB,GB,GB052874156401,GB052874156401,pays_hors_perimetre_vies,Pays present dans le fichier mais hors Union europeenne
9434,Verso Transports SpA,SE,SE,SE9653294463013,SE9653294463013,format_invalide,Numero nettoye non conforme au format attendu pour le pays
9437,Verso Technologies GmbH,NL,NL,NL842423047B540,NL842423047B540,format_invalide,Numero nettoye non conforme au format attendu pour le pays
9438,Lumen Materials A/S,QQ,QQ,QQ88245789069,QQ88245789069,pays_hors_referentiel_ue,Code pays absent du referentiel UE local
9439,Lumen Industries Sp. z o.o.,PL,PL,PL14634847H6,PL14634847H6,format_invalide,Numero nettoye non conforme au format attendu pour le pays
9441,Metallo Distribution SA,ZZ,ZZ,  ZZ930766032 ,ZZ930766032,pays_hors_referentiel_ue,Code pays absent du referentiel UE local
9442,Granit Trading NV,PL,PL,PL10419888659,PL10419888659,format_invalide,Numero nettoye non conforme au format attendu pour le pays
9444,Meridian Industries NV,BE,BE,BE04983603633,BE04983603633,format_invalide,Numero nettoye non conforme au format attendu pour le pays
9447,Baltic Distribution AB,IT,IT,-,,numero_tva_absent,Numero TVA absent
9450,Lusitania Transports BV,LU,LU,LU9888596K,LU9888596K,format_invalide,Numero nettoye non conforme au format attendu pour le pays
9461,Batavia Technologies SARL,DK,DK,DK1582203,DK1582203,format_invalide,Numero nettoye non conforme au format attendu pour le pays
9464,Kappa Transports Oy,IT,IT,IT770297334K1,IT770297334K1,format_invalide,Numero nettoye non conforme au format attendu pour le pays
9468,Ardent Industries BV,FI,FI,FI2787857,FI2787857,format_invalide,Numero nettoye non conforme au format attendu pour le pays
9478,Ardent Distribution A/S,LU,LU,56789676,56789676,format_invalide,Numero nettoye non conforme au format attendu pour le pays
9482,Kappa Consulting BV,LU,LU,LU2801851,LU2801851,format_invalide,Numero nettoye non conforme au format attendu pour le pays
9485,Cobalt Transports NV,SE,SE,N/A,NA,numero_tva_absent,Numero TVA absent
9491,Meridian Technologies SA,DK,DK,null,NULL,numero_tva_absent,Numero TVA absent
9495,Vela Materials SA,DK,DK,DK4535907,DK4535907,format_invalide,Numero nettoye non conforme au format attendu pour le pays
9496,Delta Services BV,ZZ,ZZ,ZZ37531981732,ZZ37531981732,pays_hors_referentiel_ue,Code pays absent du referentiel UE local
9500,Vela Foods SAS,XX,XX,XX238287464B52,XX238287464B52,pays_hors_referentiel_ue,Code pays absent du referentiel UE local
9501,Cobalt Industries BV,PT,PT,PT5182328162,PT5182328162,format_invalide,Numero nettoye non conforme au format attendu pour le pays
9502,Vertex Foods Lda,ZZ,ZZ,ZZ91625466858,ZZ91625466858,pays_hors_referentiel_ue,Code pays absent du referentiel UE local
9504,Nord Technologies GmbH,LU,LU,73043108,73043108,format_invalide,Numero nettoye non conforme au format attendu pour le pays
9509,Granit Consulting GmbH,UK,UK,UK04786506,UK04786506,pays_hors_perimetre_vies,Pays present dans le fichier mais hors Union europeenne
9510,Metallo Services SpA,IT,IT,38764134730,38764134730,format_invalide,Numero nettoye non conforme au format attendu pour le pays
9523,Vertex Technologies SARL,FI,FI,78000959,78000959,format_invalide,Numero nettoye non conforme au format attendu pour le pays
9524,Baltic Transports A/S,LU,LU,LU700779820,LU700779820,format_invalide,Numero nettoye non conforme au format attendu pour le pays
9525,Kappa Foods SA,FR,FR,null,NULL,numero_tva_absent,Numero TVA absent
9527,Hanse Distribution Lda,SE,SE,434941276901,434941276901,format_invalide,Numero nettoye non conforme au format attendu pour le pays
9528,Textil Distribution Oy,FI,FI,FI1233419,FI1233419,format_invalide,Numero nettoye non conforme au format attendu pour le pays
9531,Prima Materials SpA,BE,BE,BE01531486M7,BE01531486M7,format_invalide,Numero nettoye non conforme au format attendu pour le pays
9534,Lusitania Consulting BV,FI,FI,FI89451K10,FI89451K10,format_invalide,Numero nettoye non conforme au format attendu pour le pays
9542,Textil Services Oy,FR,FR,  FR031696965500 ,FR031696965500,format_invalide,Numero nettoye non conforme au format attendu pour le pays
9543,Global Materials GmbH,IT,IT,IT318002909626,IT318002909626,format_invalide,Numero nettoye non conforme au format attendu pour le pays
9548,Meridian Logistics SAS,ZZ,ZZ,ZZ79314159,ZZ79314159,pays_hors_referentiel_ue,Code pays absent du referentiel UE local
9553,Delta Consulting A/S,ZZ,ZZ,ZZ25081439819,ZZ25081439819,pays_hors_referentiel_ue,Code pays absent du referentiel UE local
9556,Baltic Services A/S,LU,LU,LU3282G028,LU3282G028,format_invalide,Numero nettoye non conforme au format attendu pour le pays
9558,Vertex Trading Oy,NL,NL,NL787486437B7,NL787486437B7,format_invalide,Numero nettoye non conforme au format attendu pour le pays
9559,Prima Technologies NV,ZZ,ZZ,ZZ491197462,ZZ491197462,pays_hors_referentiel_ue,Code pays absent du referentiel UE local
9561,Alpine Consulting SARL,IT,IT,IT3595682769,IT3595682769,format_invalide,Numero nettoye non conforme au format attendu pour le pays
9565,Fabrica Consulting Sp. z o.o.,LU,LU,44778829,44778829,format_invalide,Numero nettoye non conforme au format attendu pour le pays
9568,Cobalt Foods SA,BE,BE,0198517032,0198517032,format_invalide,Numero nettoye non conforme au format attendu pour le pays
9572,Ardent Logistics SAS,SE,SE,103637986301,103637986301,format_invalide,Numero nettoye non conforme au format attendu pour le pays
9583,Fabrica Distribution Oy,GB,GB,GB10126749034,GB10126749034,pays_hors_perimetre_vies,Pays present dans le fichier mais hors Union europeenne
9584,Lusitania Industries Lda,LU,LU, ,,numero_tva_absent,Numero TVA absent
9587,Ardent Consulting GmbH,NL,NL,NL533M63768B69,NL533M63768B69,format_invalide,Numero nettoye non conforme au format attendu pour le pays
9588,Lusitania Consulting AB,PT,PT,446559288,446559288,format_invalide,Numero nettoye non conforme au format attendu pour le pays
9589,Fabrica Trading SAS,NL,NL,NL5254409H7B14,NL5254409H7B14,format_invalide,Numero nettoye non conforme au format attendu pour le pays
9590,Papyrus Transports SA,NL,NL,NL809363483BK7,NL809363483BK7,format_invalide,Numero nettoye non conforme au format attendu pour le pays
9595,Metallo Foods Lda,NL,NL, ,,numero_tva_absent,Numero TVA absent
9601,Baltic Foods GmbH,UK,UK,UK137477325,UK137477325,pays_hors_perimetre_vies,Pays present dans le fichier mais hors Union europeenne
9603,Verso Consulting Oy,NL,NL,511204097B41,511204097B41,format_invalide,Numero nettoye non conforme au format attendu pour le pays
9604,Azur Services SpA,FR,FR,FR6656495566,FR6656495566,format_invalide,Numero nettoye non conforme au format attendu pour le pays
9607,Alpine Consulting AB,SE,SE,SE04776574720,SE04776574720,format_invalide,Numero nettoye non conforme au format attendu pour le pays
9614,Textil Consulting SARL,PT,PT,282326243,282326243,format_invalide,Numero nettoye non conforme au format attendu pour le pays
9617,Alpine Consulting A/S,XX,XX,XX0903602213,XX0903602213,pays_hors_referentiel_ue,Code pays absent du referentiel UE local
9618,Orion Logistics Lda,PL,PL,PL31283814194,PL31283814194,format_invalide,Numero nettoye non conforme au format attendu pour le pays
9619,Verso Trading GmbH,IT,IT,IT502709598566,IT502709598566,format_invalide,Numero nettoye non conforme au format attendu pour le pays
9620,Metallo Materials Lda,SE,SE,SE5095400H2001,SE5095400H2001,format_invalide,Numero nettoye non conforme au format attendu pour le pays
9621,Kappa Materials GmbH,BE,BE,BEM267691020,BEM267691020,format_invalide,Numero nettoye non conforme au format attendu pour le pays
9626,Vertex Distribution SA,FI,FI,FIJ0339280,FIJ0339280,format_invalide,Numero nettoye non conforme au format attendu pour le pays
9627,Batavia Consulting SAS,FR,FR, ,,numero_tva_absent,Numero TVA absent
9632,Vertex Consulting A/S,FR,FR,  95612094601 ,95612094601,format_invalide,Numero nettoye non conforme au format attendu pour le pays
9641,Corvus Materials Lda,UK,UK,UK407203084B88,UK407203084B88,pays_hors_perimetre_vies,Pays present dans le fichier mais hors Union europeenne
9650,Granit Services Sp. z o.o.,FI,FI,58715965,58715965,format_invalide,Numero nettoye non conforme au format attendu pour le pays
9652,Lumen Materials GmbH,DK,DK,DK37K72014,DK37K72014,format_invalide,Numero nettoye non conforme au format attendu pour le pays
9653,Textil Foods NV,GB,GB,GB641096437,GB641096437,pays_hors_perimetre_vies,Pays present dans le fichier mais hors Union europeenne
9654,Kappa Industries Oy,SE,SE,699666031901,699666031901,format_invalide,Numero nettoye non conforme au format attendu pour le pays
9655,Global Logistics SARL,FR,FR,FR743086883911,FR743086883911,format_invalide,Numero nettoye non conforme au format attendu pour le pays
9661,Fabrica Logistics GmbH,IT,IT,IT0751119801,IT0751119801,format_invalide,Numero nettoye non conforme au format attendu pour le pays
9667,Verso Services Lda,PT,PT,229734340,229734340,format_invalide,Numero nettoye non conforme au format attendu pour le pays
9669,Papyrus Industries SA,BE,BE,0282330178,0282330178,format_invalide,Numero nettoye non conforme au format attendu pour le pays
9671,Nord Foods NV,FR,FR,FR26891477G76,FR26891477G76,format_invalide,Numero nettoye non conforme au format attendu pour le pays
9675,Vela Services BV,ZZ,ZZ,ZZ0353649924,ZZ0353649924,pays_hors_referentiel_ue,Code pays absent du referentiel UE local
9679,Alpine Foods Lda,PT,PT,PTH67825934,PTH67825934,format_invalide,Numero nettoye non conforme au format attendu pour le pays
9681,Global Distribution SpA,BE,BE, ,,numero_tva_absent,Numero TVA absent
9685,Hanse Technologies NV,BE,BE,BE1947J62003,BE1947J62003,format_invalide,Numero nettoye non conforme au format attendu pour le pays
9688,Corvus Technologies SARL,FI,FI,FI3459702,FI3459702,format_invalide,Numero nettoye non conforme au format attendu pour le pays
9689,Verso Transports A/S,IT,IT,IT9801462729,IT9801462729,format_invalide,Numero nettoye non conforme au format attendu pour le pays
9690,Azur Logistics Sp. z o.o.,FR,FR,FR703416683250,FR703416683250,format_invalide,Numero nettoye non conforme au format attendu pour le pays
9694,Delta Transports AB,UK,UK,UK87148071266,UK87148071266,pays_hors_perimetre_vies,Pays present dans le fichier mais hors Union europeenne
9696,Baltic Services NV,LU,LU,81502047,81502047,format_invalide,Numero nettoye non conforme au format attendu pour le pays
9697,Azur Consulting AB,FI,FI,FI9679219,FI9679219,format_invalide,Numero nettoye non conforme au format attendu pour le pays
9699,Alpine Trading Sp. z o.o.,QQ,QQ,QQ97839670,QQ97839670,pays_hors_referentiel_ue,Code pays absent du referentiel UE local
9701,Solaris Consulting SA,NL,NL,NL777089610BO3,NL777089610BO3,format_invalide,Numero nettoye non conforme au format attendu pour le pays
9708,Cobalt Logistics SAS,PT,PT,641465637,641465637,format_invalide,Numero nettoye non conforme au format attendu pour le pays
9711,Cobalt Materials SpA,IT,IT,IT6065210096,IT6065210096,format_invalide,Numero nettoye non conforme au format attendu pour le pays
9712,Textil Logistics SARL,FR,FR,FR629938580M2,FR629938580M2,format_invalide,Numero nettoye non conforme au format attendu pour le pays
9713,Kappa Materials AB,DK,DK,82392963,82392963,format_invalide,Numero nettoye non conforme au format attendu pour le pays
9714,Baltic Transports GmbH,DK,DK,DK4854820,DK4854820,format_invalide,Numero nettoye non conforme au format attendu pour le pays
9715,Verso Consulting SARL,IT,IT,IT973919238O0,IT973919238O0,format_invalide,Numero nettoye non conforme au format attendu pour le pays
9721,Textil Technologies Lda,FR,FR,FR5587292548,FR5587292548,format_invalide,Numero nettoye non conforme au format attendu pour le pays
9724,Solaris Foods NV,PL,PL,,,numero_tva_absent,Numero TVA absent
9729,Kappa Technologies BV,PL,PL,4530425264,4530425264,format_invalide,Numero nettoye non conforme au format attendu pour le pays
9737,Global Transports AB,GB,GB,GB685759479701,GB685759479701,pays_hors_perimetre_vies,Pays present dans le fichier mais hors Union europeenne
9741,Ardent Industries BV,FR,FR,FR3791336381,FR3791336381,format_invalide,Numero nettoye non conforme au format attendu pour le pays
9742,Granit Trading Lda,SE,SE,SE3313114690015,SE3313114690015,format_invalide,Numero nettoye non conforme au format attendu pour le pays
9743,Vela Industries AB,LU,LU,N/A,NA,numero_tva_absent,Numero TVA absent
9749,Kappa Materials BV,DK,DK,DK8936386,DK8936386,format_invalide,Numero nettoye non conforme au format attendu pour le pays
9756,Papyrus Technologies SA,LU,LU,LU734564477,LU734564477,format_invalide,Numero nettoye non conforme au format attendu pour le pays
9757,Fabrica Transports SA,DK,DK,DK6K533269,DK6K533269,format_invalide,Numero nettoye non conforme au format attendu pour le pays
9758,Corvus Logistics NV,PT,PT,PTJ42698710,PTJ42698710,format_invalide,Numero nettoye non conforme au format attendu pour le pays
9761,Lumen Distribution A/S,FI,FI,fi979g8746,FI979G8746,format_invalide,Numero nettoye non conforme au format attendu pour le pays
9762,Meridian Services AB,UK,UK,UK797083707,UK797083707,pays_hors_perimetre_vies,Pays present dans le fichier mais hors Union europeenne
9764,Fabrica Distribution Sp. z o.o.,LU,LU,LU16878G42,LU16878G42,format_invalide,Numero nettoye non conforme au format attendu pour le pays
9766,Baltic Industries A/S,ZZ,ZZ,ZZ831977540,ZZ831977540,pays_hors_referentiel_ue,Code pays absent du referentiel UE local
9768,Kappa Foods SAS,GB,GB,GB1259469180,GB1259469180,pays_hors_perimetre_vies,Pays present dans le fichier mais hors Union europeenne
9770,Baltic Trading NV,GB,GB,GB86383907530,GB86383907530,pays_hors_perimetre_vies,Pays present dans le fichier mais hors Union europeenne
9778,Textil Distribution AB,SE,SE,SE15349423110,SE15349423110,format_invalide,Numero nettoye non conforme au format attendu pour le pays
9786,Corvus Trading Sp. z o.o.,SE,SE,847446731601,847446731601,format_invalide,Numero nettoye non conforme au format attendu pour le pays
9787,Corvus Transports SpA,FI,FI,FI440913547,FI440913547,format_invalide,Numero nettoye non conforme au format attendu pour le pays
9788,Fabrica Materials GmbH,NL,NL,801054370B39,801054370B39,format_invalide,Numero nettoye non conforme au format attendu pour le pays
9791,Alpine Services SA,UK,UK,UK544861221,UK544861221,pays_hors_perimetre_vies,Pays present dans le fichier mais hors Union europeenne
9792,Nord Transports GmbH,XX,XX,XX497418169,XX497418169,pays_hors_referentiel_ue,Code pays absent du referentiel UE local
9793,Global Materials BV,DK,DK,DK7345028,DK7345028,format_invalide,Numero nettoye non conforme au format attendu pour le pays
9794,Nord Logistics SpA,XX,XX,XX98741046,XX98741046,pays_hors_referentiel_ue,Code pays absent du referentiel UE local
9796,Kappa Services SA,PT,PT,PT90688287,PT90688287,format_invalide,Numero nettoye non conforme au format attendu pour le pays
9812,Prima Trading AB,FI,FI,-,,numero_tva_absent,Numero TVA absent
9813,Papyrus Industries GmbH,QQ,QQ,QQ21716137326,QQ21716137326,pays_hors_referentiel_ue,Code pays absent du referentiel UE local
9814,Delta Materials Lda,ZZ,ZZ,ZZ 6854 186534,ZZ6854186534,pays_hors_referentiel_ue,Code pays absent du referentiel UE local
9816,Delta Services SAS,UK,UK,UK1265054204,UK1265054204,pays_hors_perimetre_vies,Pays present dans le fichier mais hors Union europeenne
9819,Cobalt Trading SAS,FI,FI,FI2527868,FI2527868,format_invalide,Numero nettoye non conforme au format attendu pour le pays
9826,Ardent Materials SA,PL,PL,PL594027742,PL594027742,format_invalide,Numero nettoye non conforme au format attendu pour le pays
9829,Orion Distribution GmbH,FR,FR,FR323138432489,FR323138432489,format_invalide,Numero nettoye non conforme au format attendu pour le pays
9832,Metallo Materials AB,XX,XX,XX50354421,XX50354421,pays_hors_referentiel_ue,Code pays absent du referentiel UE local
9833,Hanse Trading Sp. z o.o.,FI,FI,FI674518422,FI674518422,format_invalide,Numero nettoye non conforme au format attendu pour le pays
9834,Kappa Transports Sp. z o.o.,IT,IT,ITJ5457240285,ITJ5457240285,format_invalide,Numero nettoye non conforme au format attendu pour le pays
9835,Hanse Technologies Oy,IT,IT, ,,numero_tva_absent,Numero TVA absent
9838,Cobalt Transports SpA,FR,FR,FR93313706K72,FR93313706K72,format_invalide,Numero nettoye non conforme au format attendu pour le pays
9839,Ardent Industries AB,PT,PT,472620541,472620541,format_invalide,Numero nettoye non conforme au format attendu pour le pays
9845,Atlantic Distribution SA,IT,IT,IT0151872425,IT0151872425,format_invalide,Numero nettoye non conforme au format attendu pour le pays
9846,Corvus Materials SAS,DK,DK,DK231O6606,DK231O6606,format_invalide,Numero nettoye non conforme au format attendu pour le pays
9851,Vertex Industries A/S,NL,NL,879062472B21,879062472B21,format_invalide,Numero nettoye non conforme au format attendu pour le pays
9855,Orion Technologies SpA,LU,LU,LU624285397,LU624285397,format_invalide,Numero nettoye non conforme au format attendu pour le pays
9861,Solaris Industries SA,XX,XX,XX168405179B62,XX168405179B62,pays_hors_referentiel_ue,Code pays absent du referentiel UE local
9873,Prima Logistics Oy,IT,IT,IT704495109G0,IT704495109G0,format_invalide,Numero nettoye non conforme au format attendu pour le pays
9875,Meridian Services SpA,BE,BE,0291001978,0291001978,format_invalide,Numero nettoye non conforme au format attendu pour le pays
9882,Hanse Consulting Sp. z o.o.,GB,GB,GB58302060,GB58302060,pays_hors_perimetre_vies,Pays present dans le fichier mais hors Union europeenne
9884,Verso Logistics GmbH,DK,DK,19267350,19267350,format_invalide,Numero nettoye non conforme au format attendu pour le pays
9886,Metallo Technologies Oy,LU,LU,22061573,22061573,format_invalide,Numero nettoye non conforme au format attendu pour le pays
9892,Delta Industries SAS,PT,PT,PT87567076,PT87567076,format_invalide,Numero nettoye non conforme au format attendu pour le pays
9894,Nord Foods Sp. z o.o.,DK,DK,DK9850773,DK9850773,format_invalide,Numero nettoye non conforme au format attendu pour le pays
9897,Papyrus Consulting Sp. z o.o.,UK,UK,UK482088604401,UK482088604401,pays_hors_perimetre_vies,Pays present dans le fichier mais hors Union europeenne
9898,Batavia Materials SpA,XX,XX,XX301455939101,XX301455939101,pays_hors_referentiel_ue,Code pays absent du referentiel UE local
9900,Atlantic Trading SARL,XX,XX,XX791176886,XX791176886,pays_hors_referentiel_ue,Code pays absent du referentiel UE local
9904,Metallo Distribution Sp. z o.o.,GB,GB,GB936724596B95,GB936724596B95,pays_hors_perimetre_vies,Pays present dans le fichier mais hors Union europeenne
9907,Alpine Transports GmbH,QQ,QQ,QQ0116379313,QQ0116379313,pays_hors_referentiel_ue,Code pays absent du referentiel UE local
9914,Azur Distribution Oy,FR,FR,FR1116183473,FR1116183473,format_invalide,Numero nettoye non conforme au format attendu pour le pays
9921,Hanse Distribution Oy,BE,BE,BE097720135,BE097720135,format_invalide,Numero nettoye non conforme au format attendu pour le pays
9929,Vertex Consulting SA,GB,GB,GB75002017,GB75002017,pays_hors_perimetre_vies,Pays present dans le fichier mais hors Union europeenne
9930,Verso Foods SA,ZZ,ZZ,ZZ950425008601,ZZ950425008601,pays_hors_referentiel_ue,Code pays absent du referentiel UE local
9932,Ardent Distribution NV,LU,LU,LUM0575927,LUM0575927,format_invalide,Numero nettoye non conforme au format attendu pour le pays
9933,Metallo Technologies GmbH,SE,SE,SE8734157343010,SE8734157343010,format_invalide,Numero nettoye non conforme au format attendu pour le pays
9941,Nord Logistics Sp. z o.o.,PL,PL,7888377696,7888377696,format_invalide,Numero nettoye non conforme au format attendu pour le pays
9942,Alpine Trading SARL,NL,NL,NL240849528M83,NL240849528M83,format_invalide,Numero nettoye non conforme au format attendu pour le pays
9950,Solaris Trading NV,QQ,QQ,QQ23795255,QQ23795255,pays_hors_referentiel_ue,Code pays absent du referentiel UE local
9952,Solaris Industries SA,GB,GB,GB16373400,GB16373400,pays_hors_perimetre_vies,Pays present dans le fichier mais hors Union europeenne
9953,Hanse Services Sp. z o.o.,PT,PT,PT34608220,PT34608220,format_invalide,Numero nettoye non conforme au format attendu pour le pays
9955,Prima Industries Lda,FR,FR,72551923618,72551923618,format_invalide,Numero nettoye non conforme au format attendu pour le pays
9956,Lusitania Materials A/S,DK,DK,63761613,63761613,format_invalide,Numero nettoye non conforme au format attendu pour le pays
9961,Papyrus Materials SARL,PT,PT,866309250,866309250,format_invalide,Numero nettoye non conforme au format attendu pour le pays
9966,Vertex Consulting Lda,IT,IT,IT276990601696,IT276990601696,format_invalide,Numero nettoye non conforme au format attendu pour le pays
9967,Baltic Trading AB,QQ,QQ,QQ8156950062,QQ8156950062,pays_hors_referentiel_ue,Code pays absent du referentiel UE local
9968,Cobalt Industries SA,IT,IT,IT84H88935270,IT84H88935270,format_invalide,Numero nettoye non conforme au format attendu pour le pays
9971,Ardent Materials GmbH,XX,XX,XX10398592,XX10398592,pays_hors_referentiel_ue,Code pays absent du referentiel UE local
9973,Hanse Services Sp. z o.o.,BE,BE,BE078337031,BE078337031,format_invalide,Numero nettoye non conforme au format attendu pour le pays
9993,Hanse Technologies SARL,ZZ,ZZ,ZZ58038776,ZZ58038776,pays_hors_referentiel_ue,Code pays absent du referentiel UE local
9998,Corvus Industries SARL,SE,SE,SE96633532830,SE96633532830,format_invalide,Numero nettoye non conforme au format attendu pour le pays
